;marca;preco
0;Cadeira Gamer Prizi JX-1039B, até 120 kg, com Almofadas na lombar e pescoço, Azul;R$ 599,55
1;Cadeira Gamer Husky Gaming Snow, Preto, Cilindro de Gás Classe 4, Base em Metal, Roda em Nylon - HSN-BK;R$ 484,99
2;Cadeira Gamer Husky Gaming Tempest 700, Preto, Com Almofadas, Descanso Para Pernas Retrátil, Reclinável - HGMA074;R$ 954,99
3;Cadeira Gamer Husky Gaming Tempest 700, Preto e Vermelho, Com Almofadas, Descanso Para Pernas Retrátil, Reclinável - HGMA075;R$ 954,99
4;Cadeira Gamer Husky Gaming Tempest 700, Branco,  Com Almofadas, Descanso Para Pernas Retrátil, Reclinável - HGMA077;R$ 979,99
5;Cadeira Gamer Husky Gaming Tempest 500, Preto, Com Almofadas, Descanso Para Pernas Retrátil, Reclinável - HGMA078;R$ 879,99
6;Cadeira Gamer Husky Gaming Tempest 700, Cinza Claro, Com Almofadas, Descanso Para Pernas Retrátil, Reclinável - HGMA076;R$ 954,99
7;Cadeira Gamer Mymax MX5, Até 150kg, Com Almofadas, Reclinável, Descanso de Braço 2D, Preto - MGCH-MX5/BK;R$ ----
8;Cadeira Gamer Vermelha Prizi - Jx-1039r;R$ 495,00
9;Cadeira Gamer Husky Gaming Tempest 500, Preto e Branco, Com Almofadas, Descanso Para Pernas Retrátil, Reclinável - HGMA082;R$ 829,99
10;Cadeira Gamer ThunderX3 TGC12, Até 120kg, com Almofadas, Reclinável, Preto;R$ ----
11;Cadeira Gamer Husky Gaming Storm, Preto, Com Almofadas, Reclinável, Descanso de Braço 2D - HST-BK;R$ 769,99
12;Cadeira Gamer Husky Gaming Tempest 500, Preto e Azul, Com Almofadas, Descanso Para Pernas Retrátil, Reclinável - HGMA081;R$ 829,99
13;Cadeira Gamer Prizi Jx-1039p, Rosa, Suporta 120kg;R$ ----
14;Cadeira Gamer Prizi Jx-1039g, até 120 kg, com Almofadas para Pescoço e Lombar, Regulagem de altura, Verde;R$ ----
15;Cadeira Gamer Husky Gaming Tempest 500 Black e Purple, Com Almofadas, Descanso Para Pernas Retrátil, Reclinável - Special Edition;R$ 829,99
16;Cadeira Gamer Husky Gaming Hailstorm, Preto, Com Almofadas, Reclinável, Descanso de Braço 2D - HHA-BK;R$ 899,99
17;Cadeira Gamer Prizi Canvas, Até 120Kg, Com Almofadas, Branca;R$ ----
18;Cadeira Gamer Mymax MX0, Peso Suportado até 120Kg, Giratória, Preto - mgch-mx0/bk;R$ 381,65
19;Cadeira Gamer Mymax MX7, Até 150KG, Giratória, Preto Gold Edition;R$ 640,90
20;Cadeira Gamer Husky Gaming Blizzard, Preto, Com Almofadas, Reclinável, Descanso de Braço 2D - HGMA005;R$ ----
21;Cadeira Gamer Mymax MX1, Peso Suportado até 120Kg, Giratória, Preto - mgch-8131/bk;R$ 466,65
22;Cadeira Gamer Mymax MX7, Até 150kg, Com Almofadas, Reclinável, Descanso de Braço 2D, Preto Gold Edition - MGCH-002/BK;R$ 699,99
23;Cadeira Gamer Prizi, Até 120 Kg, Com Almofadas, Roxa - PZ1006E;R$ ----
24;Cadeira Gamer Husky Gaming Hailstorm, Preto e Branco, Com Almofadas, Reclinável, Descanso de Braço 2D - HHA-BW;R$ ----
25;Cadeira Gamer Husky Gaming Blizzard RGB, Preto, Luz RGB, Com Almofadas, Reclinável - HBL-RGB;R$ 859,99
26;Cadeira Gamer Husky Gaming Storm, Preto e Branco, Com Almofadas, Reclinável, Descanso de Braço 2D - HST-BW;R$ 694,99
27;Cadeira Gamer DT3 Nero XL, Até 160Kg, Com Almofada, Descanso de Braço 4D, Preto - 13634-7;R$ 1.549,90
28;Cadeira Gamer Prizi, Amarela, Com Almofadas - JX-1039Y;R$ ----
29;Cadeira Gamer PCYes Mad Racer V8 Turbo, Black - V8TBMADPT;R$ 1.099,99
30;Cadeira Gamer DT3 Nero XL, Até 160Kg, Com Almofada, Descanso de Braço 4D, Graphite - 13639-2;R$ 1.579,90
31;Cadeira DT3 Nero, Até 120kg, com Almofada, Reclinável, Braço 4D, Cilindro de Gás Classe 4, Preto - 13747-2;R$ 1.399,99
32;Cadeira Gamer XT Racer Platinum W Series, Até 120kg, Com Almofadas, Reclinável, Descanso de Braço 3D, Preto - XTR-010;R$ 1.149,99
33;Cadeira Gamer Husky Gaming Blizzard, Preto e Branco, Com Almofadas, Reclinável, Descanso de Braço 2D - HBL-BW;R$ ----
34;Cadeira Gamer DT3 Elise, Até 130 Kg, com Almofadas, Reclinável, Preto - 13436-7;R$ 1.044,99
35;Cadeira Gamer Fox Office Fox Racer, até 130kgs, com RGB e Iluminação LED, com almofadas, Reclinável, Preta;R$ ----
36;Cadeira Gamer Fox Racer, Peso Suportado até 130Kg, LED RGB, Branco;R$ ----
37;Cadeira Gamer Prizi Pz1005, Até 120Kg, Roxa;R$ ----
38;Cadeira Gamer Prizi Infinity, até 120KG, Escritório, Azul;R$ ----
39;Cadeira Gamer Husky Gaming Hailstorm, Preto e Vermelho, Com Almofadas, Reclinável, Descanso de Braço 2D - HHA-BR;R$ ----
40;Cadeira Gamer Mymax MX5, Até 150 Kg, Giratória, Branco e Roxo;R$ 679,15
41;Cadeira Gamer Mymax MX5, Até 150kg, Com Almofadas, Reclinável, Descanso de Braço 2D, Preto e Branco - MGCH-MX5/WH;R$ 679,99
42;Cadeira Gamer Husky Gaming Storm, Preto e Azul, Com Almofadas, Reclinável, Descanso de Braço 2D - HST-BB;R$ 689,99
43;Cadeira Gamer Husky Gaming Snow, Preto e Azul, Cilindro de Gás Classe 4, Base em Metal, Roda em Nylon - HSN-BB;R$ 489,99
44;Cadeira Gamer Mymax Mx8, Giratória, 150Kg, Preto E Vermelho;R$ 594,15
45;Cadeira Gamer Mymax MX5, Até 150kg, Com Almofadas, Reclinável, Descanso de Braço 2D, Preto e Azul - MGCH-MX5/BL;R$ 679,99
46;Cadeira Gamer ThunderX3 EC3, Até 120 kg,  Preto - 67998;R$ 989,99
47;Cadeira Gamer Husky Gaming Hailstorm, Preto e Azul, Com Almofadas, Reclinável, Descanso de Braço 2D - HHA-BB;R$ ----
48;Cadeira Gamer Mymax MX5, Até 150kg, Com Almofadas, Reclinável, Descanso de Braço 2D, Preto e Vermelho - MGCH-MX5/RD;R$ 689,99
49;Cadeira Gamer Prizi PZ1006E, Até 120 Kg, Couro sintético de PU, Ângulo ajustável, Descanso de pé, Amarela;R$ ----
50;Cadeira Gamer Alpha Gamer Polaris Edition, Até 150Kg, Descanso de Braço 4D,  Preto e Branco - AGPOLARISRE-BK-BL;R$ 1.559,99
51;Cadeira Gamer  DT3 Nero,  Até 120kg, com Almofada, Reclinável, Braço 4D, Cilindro de Gás Classe 4, Grafite - 13748-3;R$ 1.429,99
52;Cadeira Gamer XT Racer Platinum W Series, Até 120kg, Com Almofadas, Reclinável, Descanso de Braço 3D, Marrom - XTR-016;R$ 1.229,99
53;Cadeira Gamer ThunderX3 TGC12 EVO, Até 125Kg, com Almofadas, Cilindro de Gás, Preto - 76418;R$ 1.199,99
54;Cadeira Gamer Husky Gaming Snow, Preto e Vermelho, Cilindro de Gás Classe 4, Base em Metal, Roda em Nylon - HSN-BR;R$ 489,99
55;Cadeira Gamer Mx5, Giratoria, Branco e Rosa - Mymax;R$ 679,15
56;Cadeira Gamer Thunderx3 TGC12 Profissional, Até 120kg, Com Almofadas, Reclinável, Descanso de Braço 2D, Rosa e Preto - 78203;R$ 1.129,99
57;Cadeira Gamer DT3 Elise Fabric, Até 130 Kg, Com Almofadas, Reclinável, Descanso de Braço 1D, Preto e Cinza - 13445-7;R$ 1.089,99
58;Cadeira Gamer XT Racer Viking Series, Até 120kg, Com Almofadas e Apoio de Pés, Reclinável, Descanso de Braço 3D, Preto - XTR-018;R$ 1.029,99
59;Cadeira Gamer Mymax MX5, Até 150 Kg, Giratória, Branco e Azul;R$ 679,15
60;Cadeira Gamer Raven X-10, Até 150Kg, com Almofadas, Descanso de Braço 4D, Reclinável, Trava de Inclinação, Preto e Vermelho - CDRVX10PV;R$ 659,99
61;Cadeira Gamer Mymax Mx5 ,Peso Suportado até 150Kg, Giratória, Preto;R$ 679,15
62;Cadeira Gamer DT3 Nero XL, Até 160Kg, Com Almofada, Descanso de Braço 4D, Cloud - 13637-0;R$ 1.549,99
63;Cadeira Gamer Raven X-10, Até 150Kg, Com Almofadas, Descanso de Braço 4D, Encosto Reclinável, Trava de Inclinação, Preto e Azul - CDRVX10PA;R$ 659,99
64;Cadeira Gamer DT3 Romeo, Até 140 kg, Com Almofadas, Apoio de Braço 3D+, Reclinável, Preto - 13791-1;R$ 1.169,99
65;Cadeira Gamer Alpha Gamer Polaris Racing Edition, Até 150Kg, Cilindro de Gás 4, Descanso de Braço  4D, Preto e Azul - AGPOLARISRE-BK-BL;R$ 1.399,99
66;Cadeira Gamer Prizi Runner, Até 120Kg, Branca;R$ 359,90
67;Cadeira Gamer Husky Gaming Blizzard, Preto e Azul, Com Almofadas, Reclinável, Descanso de Braço 2D - HBL-BB;R$ ----
68;Cadeira Gamer Mymax MX7, Suportado até 150Kg, Giratória, Preto e Rosa;R$ 634,95
69;Cadeira Gamer Husky Gaming Snow, Preto e Verde, Cilindro de Gás Classe 4, Base em Metal, Roda em Nylon - HGMA018;R$ 489,99
70;Cadeira Gamer ThunderX3 TGC12 EVO, Até 125Kg, com Almofadas, Cilindro de Gás, Branco - 76421;R$ 1.149,99
71;Cadeira Gamer Stillus Ergonômica Com Apoio Para Os Pés - Preto;R$ 490,95
72;Cadeira Gamer Mymax Mx5, Suportado até 150Kg, Giratória, Preto e Branco;R$ 679,15
73;Cadeira Gamer Fortrek Vickers, Até 120Kg, com Almofadas, Preto - 7051;R$ 729,99
74;Cadeira Gamer PCYes Mad Racer V8 Turbo, Blue - V8TBMADAZ;R$ 1.084,99
75;Cadeira Gamer Mymax MX0, Peso Suportado até 120Kg, Giratória, Preto e Rosa - Mgch-mx0/pk;R$ 381,65
76;Cadeira Gamer Husky Gaming Storm, Preto e Vermelho, Com Almofadas, Reclinável, Descanso de Braço 2D - HST-BR;R$ 729,99
77;Cadeira Gamer Husky Gaming Avalanche 900, Preto e Azul, Com Almofadas, Reclinável com Sistema Frog, Descanso de Braço 3D - HGMA086;R$ 1.099,99
78;Cadeira Gamer ThunderX3 BC7 Larger, Black/Cyan - 68841;R$ 1.899,99
79;Cadeira Gamer DT3 Nero XL, Até 160Kg, Com Almofada, Descanso de Braço 4D, Grape - 13638-1;R$ 1.545,99
80;Cadeira Gamer XT Racer Platinum W Series, Até 120kg, Com Almofadas, Reclinável, Descanso de Braço 3D, Off White - XTR-068;R$ 1.229,99
81;Cadeira Gamer XT Racer Viking Series, Até 120kg, Com Almofadas e Apoio de Pés, Reclinável, Descanso de Braço 3D, Preto e Branco - XTR-022;R$ 999,99
82;Cadeira Gamer ThunderX3 TGC12, Até 120kg, Com Almofadas, Descanso de Braço 2D, Preto e Azul;R$ 1.099,99
83;Cadeira Gamer Prizi Runner - Preta;R$ 359,90
84;Cadeira Gamer Fortrek Cruiser Black - 70514;R$ 839,99
85;Cadeira Gamer ThunderX3 TGC12, Black Green;R$ 1.099,99
86;Cadeira Gamer Mymax MX8, Até 150Kg, Giratória, Preto e Azul;R$ 594,15
87;Cadeira Gamer Husky Gaming Snow, Preto e Branco, Cilindro de Gás Classe 4, Base em Metal, Roda em Nylon - HSN-BW;R$ 489,99
88;Cadeira Gamer Mymax Mx0, Suporta Até 120kg, Giratória, Preto E Branco;R$ 381,65
89;Cadeira Gamer Corsair TC200 Fabric, Até 120Kg, Apoio de Braços 4D, Almofadas, Reclinável, Cilindro Classe 4, Cinza e Branco - CF-9010048-WW;R$ 1.949,99
90;Cadeira Gamer Noblechairs Hero, Black Gold - NBL-HRO-PU-GOL;R$ 2.349,99
91;Cadeira Gamer PCYes Mad Racer V8 Turbo, Red - V8TBMADVM;R$ 1.084,99
92;Cadeira Gamer Mymax MX5, Até 150kg, Com Almofadas, Reclinável, Descanso de Braço 2D, Branco e Verde - MGCH-MX5/GRWH;R$ 679,99
93;Cadeira Gamer DT3 Elise Fabric, Até 130 Kg, Com Almofadas, Reclinável, Descanso de Braço 1D, Preto - 13443-5;R$ 1.099,99
94;Cadeira Gamer Noblechairs EPIC, Black - NBL-PU-BLA-002;R$ 2.199,99
95;Cadeira Gamer XT Racer Defender, Até 120kg, Com Almofadas, Reclinável, Descanso de Braço 3D, Preto - XTR-034;R$ 989,99
96;Cadeira Gamer DT3 Elise Fabric, Até 130 Kg, Com Almofadas, Reclinável, Descanso de Braço 2D, Preto e Azul - 13444-6;R$ 1.099,99
97;Cadeira Gamer Husky Gaming Blizzard, Preto e Vermelho, Com Almofadas, Reclinável, Descanso de Braço 2D - HBL-BR;R$ ----
98;Cadeira Gamer Husky Gaming Storm, Branco e Rosa, Com Almofadas, Reclinável, Descanso de Braço 4D - HST-PW;R$ 899,99
99;Cadeira Gamer DT3 Gamma Fabric, Até 130 Kg, Com Almofadas, Reclinável, Descanso de Braço 3D, Preto - 13491-8;R$ 1.239,99
100;Cadeira Gamer DT3 Elise, Até 130 Kg, com Almofadas, Reclinável, Preto e Azul - 13437-8;R$ 994,99
101;Cadeira Gamer Noblechairs Hero, Black White - NBL-HRO-PU-BPW;R$ 2.399,99
102;Cadeira Gamer Mymax MX0, Peso Suportado até 120Kg, Giratória, Preto e Vermelho - Mgch-mx0/rd;R$ 381,65
103;Cadeira DT3 Nero, Até 150kg,  Com Almofada, Reclinável, Descanso de Braço 4D, Preto e Roxo  - 13547-0;R$ 1.399,99
104;Cadeira Gamer Husky Gaming Avalanche 900, Preto, Com Almofadas, Reclinável com Sistema Frog, Descanso de Braço 3D - HGMA061;R$ ----
105;Cadeira Gamer Alpha Gamer Vega, Até 150Kg, Cilindro de Gás 4,  Braço Ajustável, Preto e Laranja;R$ 929,99
106;Cadeira Gamer TC3 ThunderX3, Encosto Reclinável, Braço 2D, 125Kg, Preto - 72993;R$ 1.039,99
107;Cadeira Gamer DT3 Elise, Até 130 Kg, com Almofadas, Reclinável, Preto e Cinza - 13439-0;R$ 1.039,99
108;Cadeira Gamer XT Racer Viking Series, Até 120 Kg, Com Almofadas, Reclinável, Descanso de Braço 3D, Preto - XTR-014;R$ 949,99
109;Cadeira Gamer Stillus Ergonômica Com Apoio Para Os Pés - Rosa;R$ ----
110;Cadeira Gamer Noblechairs EPIC, Black Gold - NBL-PU-GOL-002;R$ 2.199,99
111;Cadeira Gamer Alpha Gamer Polaris Racing Edition, Até 150Kg, Cilindro de Gás 4, Descanso de Braço 4D, Preto e Vermelho - AGPOLARISRE-BK-R;R$ 1.399,99
112;Cadeira Gamer Mymax Mx9, Giratória, Preto/Prata;R$ 636,65
113;Cadeira Gamer Draxen DN2, Até 150kg, Com Almofadas, Reclinável, Descanso de Braço 2D, Preto - DN002/BK;R$ 729,99
114;Cadeira Gamer Elements Lunari, Até 120kg, Com Almofada, Descanso de Braço 4D, Cilindro de Gás Classe 4, Knit Special, Creme - 70045;R$ 2.699,99
115;Cadeira Gamer Prizi Runner, 180Kg, Giratória, Azul;R$ ----
116;Cadeira Gamer Noblechairs Hero, Black - NBL-HRO-PU-BLA;R$ 2.439,99
117;Cadeira Gamer Mymax MX0, Até 120Kg, Giratória, Preto e Azul;R$ 381,65
118;Cadeira Gamer Raven Arm, Até 120 kg, Cilindro de Gás Classe 3, Preto - CDRRVAR00;R$ 489,99
119;Cadeira Gamer Husky Gaming Storm, Preto e Verde, Com Almofadas, Reclinável, Descanso de Braço 2D - HST-BG;R$ ----
120;Cadeira Gamer Alpha Gamer Vega, Preto e Azul, Reclinável, com Almofadas, Cilindro de Gás Classe 4;R$ ----
121;Cadeira Gamer ThunderX3 BC3 Camo/CZ, Black Hawk - 67994;R$ 1.129,99
122;Cadeira Gamer DT3 Nero,  Até 150kg, Com Almofada, Reclinável, Descanso de Braço 4D, Preto e Rosa - 13546-9;R$ 1.344,99
123;Cadeira Gamer PCYes Mad Racer V16, Black - MADV16PTCSDG;R$ 1.899,99
124;Cadeira Gamer Husky Gaming Blizzard, Preto e Verde, Com Almofadas, Reclinável, Descanso de Braço 2D - HBL-BG;R$ 679,99
125;Cadeira Gamer DT3sports Elise, Pink - 11834-7;R$ 1.049,99
126;Cadeira Gamer MX6, Giratória, Azul e Preto, Mymax;R$ 594,15
127;Cadeira Gamer Corsair TC200, Até 120Kg, Apoio de Braços 4D, Com Almofadas, Reclinável, Cilindro de Gás Classe 4, Cinza - CF-9010045-WW;R$ 1.899,99
128;Cadeira Gamer Mymax Mx12, Peso Máximo Suportado: 150kg, Giratória, Preto/Branco;R$ 806,65
129;Cadeira Gamer Prizi Pz1006e, Capacidade de peso: Até 120 Kg, Verde;R$ ----
130;Cadeira Gamer Alpha Gamer Polaris Racing Edition,  Até 150Kg, Cilindro de Gás 4, Descanso de Braço 4D, Preto e Verde - AGPOLARISRE-BK-GRN;R$ 1.399,99
131;Cadeira Gamer Noblechairs Hero, Black Red - NBL-HRO-PU-BRD;R$ 2.399,99
132;Cadeira Gamer Mymax Mx9, Até 150Kg, Giratória, Preto/Azul;R$ 636,65
133;Cadeira Gamer Husky Gaming Avalanche 900, Preto e Vermelho, Com Almofadas, Reclinável com Sistema Frog, Descanso de Braço 3D - HGMA083;R$ 1.099,99
134;Cadeira Gamer Sharkoon Shark Skiller SGS4 Black;R$ 2.199,99
135;Cadeira Gamer Husky Gaming Blizzard 900, Preto, Com Almofadas, Reclinável com Sistema Frog, Descanso de Braço 3D - HGMA062;R$ 1.149,99
136;Cadeira Gamer Fox Racer,  Até 130 Kg, RGB, Rosa, Com Iluminação LED;R$ ----
137;Cadeira Gamer Husky Gaming Avalanche 900, Preto e Amarelo, Com Almofadas, Reclinável com Sistema Frog, Descanso de Braço 3D - HGMA089;R$ 1.099,99
138;Cadeira Gamer XT Racer Defender, Até 120kg, Com Almofadas, Reclinável, Descanso de Braço 3D, Preto e Rosa - XTR-033;R$ 989,99
139;Cadeira Gamer Gallant Racer, Até 140 Kg, Giratória, Altura Regulável, Preta E Vermelha - GCD100RPUA-PT;R$ 1.125,00
140;Cadeira Gamer Noblechairs Epic, Até 120kg, com Almofadas, Branco - NBL-PU-WHT-001;R$ 2.199,99
141;Cadeira Gamer Alpha Gamer Nimbus, Até 125 kg, Apoio de Braço 4D, Reclinável, Branco e Preto - AGNIMBUSBWHT;R$ 1.199,99
142;Cadeira DT3 Rhino Space Grey, Até 200 Kg, Com Almofadas, Reclinável, Descanso de Braço 4D, Cinza e Preto - 13242-2;R$ 2.499,99
143;Cadeira Gamer Husky Gaming Hailstorm 900, Preto, Com Almofadas, Reclinável com Sistema Frog, Descanso de Braço 3D - HGMA063;R$ 1.399,99
144;Cadeira Gamer Sharkoon Skiller SGS40, 150kg, Braço 4D, Preto;R$ 1.799,99
145;Cadeira Gamer Mymax MX5, Até 150kg, Com Almofadas, Reclinável, Descanso de Braço 2D, Branco e Azul - MGCH-MX5/BLWH;R$ 679,99
146;Cadeira Gamer Husky Gaming Blizzard 970,  com Almofadas, Acabamento Alcantara, Reclinável com Sistema Frog, Caramelo - HGMA133;R$ ----
147;Cadeira Gamer Mymax Mx1, Peso Suportado até 120Kg, Giratória, Preto E Azul - mgch-8131/bl;R$ 466,65
148;Cadeira Gamer PCYes Mad Racer V8 Turbo, White - V8TBMADBC;R$ 1.039,99
149;Cadeira Gamer Holt, Preta/Vermelha - Fortrek;R$ 671,09
150;Cadeira Gamer Noblechairs Hero, Black Blue - NBL-HRO-PU-BBL;R$ 2.349,99
151;Cadeira Gamer Noblechairs Epic Copper Limited Edition, Preta/Cobre - PGW-NB-EGC-016;R$ 1.999,99
152;Cadeira Gamer Prizi, PZ1005, Suporta Até 120kg, Vermelha;R$ ----
153;Cadeira DT3 Nero, Até 150kg,  Com Almofada, Reclinável, Descanso de Braço 4D, Preto e Azul  - 13548-1;R$ 1.349,99
154;Cadeira Gamer ThunderX3 BC3, Black e Red- 67992;R$ 1.099,99
155;Cadeira Nex Max, Giratória E Reclinável, Preta E Branca - Dxracer;R$ 1.663,00
156;Cadeira Gamer, Vinik Rocket, Branca Com Rosa - CGR10BRS;R$ 646,43
157;Cadeira Gamer Husky Gaming Blizzard 970, com Almofadas, Acabamento Alcantara, Reclinável com Sistema Frog, Creme e Vermelho  - HGMA134;R$ ----
158;Cadeira Gamer XT Racer Viking Series, Até 120kg, Com Almofadas e Apoio de Pés, Reclinável, Descanso de Braço 3D, Preto e Vermelho - XTR-026;R$ 999,99
159;Cadeira Gamer Mymax Mx9, 150kg, Com Almofadas, Braços com Regulagem 2D, Giratória, Cilindro de Gás Classe 2 - 80mm, Preto e Vermelho;R$ 636,65
160;Cadeira Gamer ThunderX3 EC3, Até 120kg, com Almofadas, Preto e Vermelho - 67999;R$ 1.059,99
161;Cadeira Gamer Prizi PZ1005, Peso Suportado até 120Kg, Mecanismo Borboleta, Amarela;R$ ----
162;Cadeira Gamer ThunderX3 TGC12 Profissional, Até 120kg, Com Almofadas, Reclinável, Descanso de Braço 2D, Branco e Preto - 78202;R$ 1.129,99
163;Cadeira Gamer Fortrek Holt, Black - 70501;R$ 589,99
164;Cadeira Gamer DT3 Mizano Fabric, Até 110 kg, Com Almofadas, Apoio de Braço 3D+, Reclinável, Preto - 13796-6;R$ 1.229,99
165;Cadeira Gamer Husky Gaming Blizzard 970, cm Almofadas, Acabamento Alcantara, Reclinável com Sistema Frog, Cinza - HGMA132;R$ ----
166;Cadeira Gamer DT3 Gamma, Até 120 Kg, Com Almofadas, Reclinável, Descanso de Braço 3D, Preto - 13516-6;R$ 1.199,99
167;Cadeira Gamer Husky Gaming Storm, Preto, Vermelho e Branco, Com Almofadas, Reclinável, Descanso de Braço 2D - HST-RBW;R$ 719,99
168;Cadeira Gamer Mymax MX7, Até 150kg, Com Almofadas, Reclinável, Descanso de Braço 2D, Preto e Rosa - MGCH-002V1/PK;R$ 649,99
169;Cadeira Gamer Mymax MX12, Até 150 Kg, Giratória, Preto e Azul;R$ 806,65
170;Cadeira Gamer X­rocker Dazz;R$ 549,90
171;Cadeira Gamer Draxen DN2, Até 150kg, Com Almofadas, Reclinável, Descanso de Braço 2D, Preto e Azul - DN002/BL;R$ 714,99
172;Cadeira Gamer Corsair T1 Race, Até 120Kg, Apoio de Braços 4D, com Almofadas, Reclinável, Preto e Amarelo - CF-9010015-WW;R$ 1.469,99
173;Cadeira Gamer ThunderX3 TGC12, Até 150Kg, Reclinável, Com Almofadas, Gás Classe 4, Preto E Vermelho;R$ 1.232,40
174;Cadeira Gamer Pcyes Mad Racer V8 Turbo, Peso Suportado até 180Kg, Função Relax, Preta - V8tbmadpt;R$ 1.029,90
175;Cadeira Gamer Husky Gaming Avalanche, Rosa e Branco, Com Almofadas, Reclinável, Descanso de Braço 3D - HAV-PW;R$ ----
176;Cadeira Gamer Mymax Mx1, Giratória, Preto E Vermelho - mgch-8131/rd;R$ 466,65
177;Cadeira Gamer Fortrek Vickers, Black/Red - 70520;R$ 689,99
178;Cadeira Gamer ThunderX3 TGC12 EVO, Até 125Kg, com Almofadas, Cilindro de Gás, Rosa - 76423;R$ 1.139,99
179;Cadeira Gamer Alpha Gamer Zeta Black Blue - AGZETA-BK-BL;R$ 889,99
180;Cadeira Gamer Husky Gaming Blizzard 900, Preto e Vermelho, Com Almofadas, Reclinável com Sistema Frog, Descanso de Braço 3D - HGMA084;R$ ----
181;Cadeira Gamer DT3 Módena, Até 140 kg, Com Almofadas, Apoio de Braço 3D+, Reclinável, Dark Grey - 13786-5;R$ 1.169,99
182;Cadeira Gamer DT3 Grigio, Até 130Kg, Com Almofadas, Reclinável, Descanso de Braço 1D,  Cinza e Preto - 13373-7;R$ 1.059,99
183;Cadeira Gamer XT Racer Draco, Até 120kg, Com Almofadas, Reclinável, Descanso de Braço 4D, Preto - XTR-064;R$ 1.699,99
184;Cadeira Gamer Husky Gaming Blizzard 900, Preto e Azul, Com Almofadas, Reclinável com Sistema Frog, Descanso de Braço 3D - HGMA087;R$ ----
185;Cadeira Gamer Mymax Mx9, até 150kg, Giratória, Com Almofadas, Reclinável, Preto/Roxo;R$ 636,65
186;Cadeira Gamer Fortrek Black Hawk, Black/Blue - 70512;R$ 849,99
187;Cadeira Gamer TC3 ThunderX3, Encosto Reclinável, Braço 2D, 125Kg, Preto/Branco - 72994;R$ 1.029,99
188;Cadeira Gamer ThunderX3 TGC12 EVO, Até 125Kg, com Almofadas, Cilindro de Gás, Vermelho - 76419;R$ 1.139,99
189;Cadeira Gamer Stillus, Ergonômica, Com Apoio Para Os Pés, Preta e Branca;R$ 677,03
190;Cadeira Gamer Fortrek Black Hawk Black - 70508;R$ 859,99
191;Pistão para Cadeiras Husky Gaming Snow, Polar e Frost - HAC-PSPF;R$ 54,99
192;Cadeira Gamer Husky Gaming Hailstorm 900, Preto e Azul, Com Almofadas, Reclinável com Sistema Frog, Descanso de Braço 3D - HGMA088;R$ ----
193;Cadeira Gamer PCYes Mad Racer STI Turbo White Ghost, Até 120kg, Reclinável, Branco - MRSTIR10BR;R$ 639,99
194;Cadeira Gamer Sharkoon Skiller SGS2 Black Red;R$ 999,99
195;Cadeira Gamer X Fusion, Suporta até 120Kg, Rosa - C.123;R$ 888,30
196;Cadeira Gamer Kids Em Couro Pu, Preta e Verde, Pelegrin - Pel-9353;R$ 520,84
197;Cadeira Gamer Cooler Master Caliber X2, Preto;R$ 2.064,30
198;Cadeira Gamer, MX11, Giratória, Preto E Azul, Mymax;R$ 466,65
199;Cadeira Gamer Husky Gaming Blizzard 970,  com Almofadas, Acabamento Alcantara, Reclinável com Sistema Frog, Preto - HGMA135;R$ ----
200;Cadeira Gamer Mymax Mx17, 150kg, Giratória, Preto;R$ 730,15
201;Cadeira Gamer Mymax MX1, Peso Suportado até 120Kg, Giratória, Preto e Verde;R$ 457,32
202;Cadeira Gamer ThunderX3 EC3, Peso Suportado até 150Kg, Ergonômica, Reclinável, Preta - 67998;R$ 972,22
203;Cadeira Gamer Mymax Mx5, Até 150Kg, Giratória, Preto E Azul;R$ 679,15
204;Cadeira Gamer Draxen DN2, Até 150kg, Com Almofadas, Reclinável, Descanso de Braço 2D, Preto e Vermelho - DN002/RD;R$ 724,99
205;Cadeira Gamer Holt Fortrek, Suporta até 120Kg, Preta;R$ 940,99
206;Cadeira Gamer Elite V2 Dazz, Até 100kg, Preta, 62000148;R$ 504,81
207;Cadeira Gamer Mymax , Com Almofadas, Braço 2D, Cilindro de Gás Classe 3, Giratória , Preto e Amarelo - MX13;R$ 764,15
208;Cadeira Gamer Racer X Reclinável Preta;R$ 812,00
209;Cadeira Gamer Profissional ThunderX3 TGC12, Suporta Até 150Kg, Preto E Verde;R$ 1.147,50
210;Cadeira Gamer Prizi Verde - Pz1005;R$ ----
211;Cadeira Gamer Prizi Canvas, Até 120Kg, Com Almofadas, Preta;R$ 899,91
212;Cadeira Gamer, MX11, Giratória, Preto, Mymax;R$ 466,65
213;Cadeira Gamer, Xtreme Gamers, Cinesis Ny, até 120 Kgs, Reclinável, Braços Fixos, Preta E Branca;R$ 594,96
214;Cadeira Gamer ThunderX3 BC3 CAMO Military Green - 68835;R$ 1.079,99
215;Cadeira Gamer DT3 Mizano Fabric, Até 110 kg, Com Almofadas, Apoio de Braço 3D+, Reclinável, Cinza - 13799-9;R$ 1.149,99
216;Cadeira Gamer Draxen DN2, Até 150kg, Com Almofadas, Reclinável, Descanso de Braço 2D, Preto e Azul Celeste - DN002-BLS;R$ 714,99
217;Cadeira Gamer Prizi Jx-1001b, Kombat, Capacidade de peso: 130 kg, Azul;R$ 799,90
218;Cadeira Gamer MoobX GT Racer Peso Suportado (kg): 120;R$ 899,90
219;Cadeira Gamer  Fortrek Vickers, Peso Suportado até 135Kg, Mecanismo Butterfly, Preto e vermelho - 70520;R$ 719,15
220;Cadeira Gamer Alpha Gamer Vega, Até 130Kg, Cilindro de Gás 4, Braço Ajustável, Preto e Verde;R$ 949,99
221;Cadeira Gamer Profissional, Marvel, Hulk, Suporta até 150kg, Reclinável, Verde;R$ 715,90
222;Cadeira Gamer Mymax MX11, Até 150 Kg, Giratória, Preto E Vermelho;R$ 466,65
223;Cadeira Gamer Force One Essential 115, Até 90 kg, Preta;R$ 1.484,07
224;Cadeira Gamer Husky Gaming Hailstorm 900, Preto e Vermelho, Com Almofadas, Reclinável com Sistema Frog, Descanso de Braço 3D - HGMA085;R$ ----
225;Cadeira Gamer Vinik Rocket, 120kg, Ajuste de altura e inclinação Preto e Vermelho - CGR10PVM;R$ 679,99
226;Cadeira Gamer Stillus Ergonômica Com Apoio Para Os Pés - Azul;R$ ----
227;Cadeira Gamer XT Racer Draco, Até 120kg, Com Almofadas, Reclinável, Descanso de Braço 4D, Preto e Cinza - XTR-065;R$ 1.699,99
228;Cadeira Gamer MoobX Nitro Com Regulagem de Altura e Reclinação 180°;R$ 799,90
229;Cadeira Gamer Alpha Gamer Cygnus RGB - AGCYGNUS;R$ 967,73
230;Cadeira Gamer Stillus, Ergonômica, Com Apoio Para Os Pés, Dourada;R$ 519,11
231;Cadeira Gamer Hoopson, Preta E Branca - CG-506;R$ 1.499,87
232;Cadeira Gamer Preta Healer Wells, Reclinável Giratória;R$ 620,58
233;Cadeira Gamer Hoopson, Reclinável E Giratória - Hp-cg505;R$ 1.499,87
234;Cadeira Gamer ThunderX3 Black Hawk, Peso Suportado até 150Kg, Tecnologia Air Tech, Cinza - BC3 CAMOe CZ;R$ 1.331,86
235;Cadeira Gamer Hibrida -gchyb1-bk30th Cooler Master1 Ergo 30th Anniversary Edition Cmi;R$ 2.995,89
236;Cadeira Gamer Thunderx3 Ec1, Suporta Até 120kg, Cilindro De Gás, Almofadas, Preto - 78232;R$ 705,83
237;Cadeira Gamer Racer X Comfort, Peso máximo suportado: 100 Kg, Cinza;R$ 803,65
238;Cadeira Noblechairs Hero Gaming Chair Java Edition - NBL-HRO-PU-JED;R$ 2.929,99
239;Cadeira Gamer Gamdias Zelus M3 Weave Lb, Até 140Kg - Cinza E Preto;R$ 976,65
240;Cadeira Gamer MyMax, Giratoria, Preto -  MX12;R$ 806,65
241;Cadeira Gamer Pelegrin Em Couro Pu, Reclinável, Suporta Até 150Kg, Preto E Azul - Pel-3019;R$ 886,24
242;Cadeira Gamer Husky Gaming Hailstorm 900, Preto e Amarelo, Com Almofadas, Reclinável com Sistema Frog, Descanso de Braço 3D - HGMA091;R$ ----
243;Cadeira Dxracer Master V2 (i238s-n-n1-a3);R$ 3.049,92
244;Cadeira Gamer Racer X Comfort, 100Kg, Preta;R$ 803,65
245;Cadeira Gamer Fortrek Black Hawk Black/Red - 70510;R$ 839,99
246;Cadeira Gamer Sharkoon Elbrus 2, Black Red;R$ 1.199,99
247;Cadeira Office Elements Lunari, Espuma D50, Mecanismo Frog, Cream;R$ 3.616,75
248;Cadeira Gamer Boxbit Atlético Mineiro Fanático, até 120Kg, Base Rodízio;R$ 669,38
249;Cadeira Gamer Gallant, Altura Regulável, Preta/Vermelha -GCD10GPUA-VM;R$ 669,00
250;Cadeira Gamer Profissional Marvel, Homem De Ferro, Reclinável, Suporta 150kg, Vinho - Homem De Ferro;R$ 851,90
251;Cadeira Gamer Vinik Comet Cgc10p, Até 120kg, Reclinável, Giratória Com Apoio De Braço 2D E Ajuste De Altura, Preta;R$ 878,99
252;Cadeira Gamer ThunderX3 DC3, Suporta Até 150Kg, Mecanismo de Borboleta, Preto E Ciano - 70624;R$ 1.449,86
253;Cadeira Gamer XT Racer Draco, Até 120kg, Com Almofadas, Reclinável, Descanso de Braço 4D, Preto e Dourado - XTR-062;R$ 1.699,99
254;Cadeira Gamer Racer X, Reclinável Hype, Com LED RGB, Peso máximo suportado: 145 Kg;R$ 1.178,00
255;Cadeira Gamer Escritório Cougar Fusion S, Preta E Laranja;R$ 922,25
256;Mesa Gamer Escrivaninha, Tecno, Nicho - Preto e Verde;R$ 379,90
257;Cadeira Gamer Fortrek Black Hawk, Suporta Até 140Kg, Apoio Ajustável Bi-Direcional, Preto - 70508;R$ 892,04
258;Cadeira Gamer Royale MoobX, Até 100Kg, Giratória,  Preto e Cinza;R$ 509,92
259;Cadeira Gamer OexGame Gc200, Até 100Kg, Altura Ajustável, Couro Sinético, Rosa E Preto;R$ 902,41
260;Cadeira Gamer Healer, Level Reclinável Giratória Com Apoio De Pés - Preto;R$ 788,41
261;Cadeira Gamer Alpha Gamer Nimbus, Até 125 kg, Apoio de Braço 4D, Reclinável, Preto e Vermelho - AGNIMBUSBKRED;R$ 1.199,99
262;Kit Gamer Pelegrin Pel-008p Rosa E Cadeira Gamer Pelegrin Pel-3020 Rosa;R$ 2.191,24
263;Cadeira Gamer Escritório Cougar Fusion S,Preta;R$ 1.028,02
264;Cadeira Gamer Dust, Com Apoio Para As Pernas Retrátil, Preta;R$ 858,42
265;Cadeira Gamer, Racer X Comfort - Rosa;R$ 803,00
266;Cadeira Gamer Pcyes Mad Racer V8 Turbo Azul - V8tbmadaz;R$ 1.349,80
267;Cadeira Gamer Dt3 Nero Graphite 13748-3, Revestimento Com Tecido, Braco 3d, Ajuste Altura E Inclinacao, U Unica;R$ 1.487,70
268;Cadeira Gamer Racer X Comfort, Verde;R$ 803,65
269;Cadeira Gamer Star Game WG-03, Reclinável, Suporta até 120 kg, Vermelha e Preta;R$ 744,92
270;Cadeira Gamer  Thunderx3 BC3, Peso Suportado até 150Kg, Ergonômica, Reclinável, Preta;R$ 1.180,65
271;Cadeira Gamer Mymax Mx12, Giratória, Preto/Verde;R$ 806,65
272;Cadeira Gamer Mymax, Até 150 Kg, Giratória, Preto e Azul - MX13;R$ 764,15
273;Cadeira Gamer Racer X Comfort, Peso máximo suportado: 100 Kg, Azul Claro;R$ 803,00
274;Cadeira Gamer Cougar Armor Titan Pro - 3MTITANS.0001;R$ 2.798,00
275;Cadeira Gamer Racer X, Reclinável, Cinza;R$ 812,00
276;Cadeira Gamer Tr-max, Até 120 Kg, de Couro, Giratória, Ajustável - Branca;R$ 1.055,70
277;Cadeira Gamer Giratória Com Elevação, Office Black Hawk H01, Preto - Fortrek;R$ 1.599,90
278;Cadeira Gamer Thunderx3 Tgc12, Profissional, Suporta Até 120Kg, Preta E Branca;R$ 1.224,80
279;Cadeira Office Elements Lunari, Espuma D50, Mecanismo Frog, Grey;R$ 3.617,44
280;Cadeira Gamer Design Office, Linha Gamer Racing, Com Almofada, Regulavel, Verde Limão com Preto;R$ 4.299,00
281;Cadeira Gamer Infantil Em Couro Pvc Pelegrin Pel-9354, até 60kg - Preto Com Cinza;R$ 387,44
282;Cadeira Dt3office Diana Black  peso máximo recomendado: 130kg;R$ 1.560,71
283;Cadeira Gamer Stillus Ergonômica Com Apoio Para Os Pés - Vermelho;R$ ----
284;Cadeira Boxbit Falcon, Em Tela Preta, Base Cromada Rodízio, Peso suportado: 120Kg;R$ 781,83
285;Cadeira Gamer Thunderx3 BC3, Peso Suportado até 150Kg, Base resistente de metal, Vermelha;R$ 1.331,86
286;Cadeira Gamer Eaglex Pro Reclinável, Até 150 Kg, Vermelho;R$ 769,99
287;Cadeira Gamer Racer X, Reclinável - Branca;R$ 793,00
288;Cadeira Gamer TC3 ThunderX3, Suporta até 150Kg, Bumblebee Yellow;R$ 1.105,43
289;Cadeira Gamer PlayerXTreme Executiva Escritório, PU, Vermelho;R$ 789,90
290;Cadeira Gamer Pelegrin Kids, Em Couro Pu, Preta e Cinza, - PEL-9353;R$ 520,84
291;Cadeira Gamer Racer X Comfort, Branca, Peso máximo suportado: 100 Kg;R$ 803,65
292;Cadeira Gamer Mymax Mx16, Giratória, Preto/Prata;R$ 764,15
293;Cadeira Gamer TC3 ThunderX3, Suporta até 125Kg, All White;R$ 1.105,43
294;Cadeira Gamer Office Giratória, Com Elevação A Gás, Extreme F03, Preto E Vermelho - Lyam Decor;R$ 874,90
295;Cadeira Gamer Thunderx3 BC7 Larger, Peso Suportado até 150Kg, Almofadas de pescoço e lombar, Preto E Ciano;R$ 2.367,85
296;Cadeira Gamer Husky Gaming Blizzard 970,  com Almofadas, Acabamento Alcantara, Reclinável com Sistema Frog, Preto e Branco - HGMA136;R$ ----
297;Kit - 02 Cadeiras Gamer Office, Giratória Com Elevação A Gás, BC3, Camuflado Verde Military - ThunderX3;R$ 3.594,90
298;Cadeira Gamer Sharkoon Elbrus 2, Black Green;R$ 1.199,99
299;Cadeira Gamer Pelegrin Pel-3009, Couro Pu - Preta E Vermelha;R$ 781,84
300;Cadeira Gamer Mymax Mx18, Até 150Kg, Giratória, Preta;R$ 691,05
301;Cadeira Noblechairs Hero TX Gaming Chair-anthracite - NBL-HRO-TX-ATC;R$ ----
302;Cadeira Gamer Warrior Karna, Peso Suportado até 120Kg, Basculante, Giratória, Preta - Ga201;R$ 612,81
303;Cadeira Gamer Sakes, Peso Máximo Suportado (Kg): 100kg, Azul - INP21003;R$ 705,00
304;Cadeira Gamer Raven FXSports, Até 125 kg, Com Almofadas, Cilindro de Gás Classe 4, Preto e Vermelho - CDRFXSPPP;R$ 599,99
305;Cadeira Gamer Thunderx3 Tgc12, Profissional, Suporta Até 120kg, Com Almofadas, Preto E Rosa;R$ 1.224,80
306;Cadeira Gamer Alien Healer, Suporta até 120Kg, Reclinável, Com Apoio de Pés, Preto/Verde;R$ 1.074,03
307;Cadeira Gamer Giratória, Com Elevação A Gás, Office Blackfire H01, Preto E Vermelho - Fortrek;R$ 1.204,90
308;Cadeira Gamer Pcyes Mad Racer STI Master, Peso Suportado até 120Kg, Pistão a Gás, Azul - Madstimsaz;R$ 804,75
309;Cadeira Gamer Rgb Com Led E Controle Remoto Healer, Suporta até 150Kg, Preta;R$ 1.323,68
310;Cadeira Gamer Rocket, Peso Suportado até 150Kg, Ajuste de altura, Preto e Verde - Cgr10pvd;R$ 679,19
311;Cadeira Gamer Mymax MX15, Até 150 Kg, Giratória, Preto e Azul;R$ 849,15
312;Cadeira Gamer Profissional ThunderX3 TGC12, Peso Suportado até 120Kg, Preto;R$ 1.095,65
313;Cadeira Gamer Thunderx3 Ec1, Suporta Até 120kg, Cilindro De Gás, Almofadas, Preto E Rosa - 78233;R$ 705,83
314;Cadeira Gamer Giratoria MX12 MyMax, Suporta 150Kg, Preto e Vermelho;R$ 806,65
315;Cadeira Gamer Dt3 Elise Fabric V2 13444-6, Azul, Com Almofadas Reclinavel E Com Descanso De Braco, 1d U Unica;R$ 1.276,82
316;Cadeira Gamer Healer Strike Reclinável Giratória, suporta até 120 kg, Rosa E Branco;R$ 888,34
317;Cadeira Gamer Pelegrin, Até 150 Kg, Em Couro PU, Reclinável - PEL-3010;R$ 822,44
318;Cadeira Gamer Cooler Master Caliber Caliber R1s Cinza E Rosa - Cmi-gcr1s-pkg;R$ 1.539,90
319;Cadeira Gamer Healer até 120 kg Preto E Branco Healer Lancer Reclinável Giratória;R$ 1.161,49
320;Cadeira Gamer Fortrek Cruiser, Black/Pink - 70518;R$ 899,99
321;Cadeira Gamer PCYes Mad Racer STI Turbo Black Vulcan, Até 120kg, Reclinável, Preto - MRSTIR10PT;R$ 639,99
322;Cadeira Gamer Cooler Master Caliber X1c Preto Cmi-gcx1c-bk, Suporta: 150kg;R$ 2.611,83
323;Cadeira Gamer Mymax Mx5, Peso Suportado até 150Kg, Giratória, Preto e verde;R$ 759,05
324;Cadeira Gamer Pelegrin em Couro Pu, Reclinável, Suporta até 150Kg, Preta e Verde - Pel-3018;R$ 990,64
325;Cadeira Gamer Corsair T1 Race, Até 120kg, Apoio de Braços 4D, com Almofadas, Reclinável, Preto e Azul - CF-9010014-WW;R$ 1.469,99
326;Cadeira Gamer Conthey Cinesis Xtreme, Até 150 Kg - N2159702;R$ 559,22
327;Cadeira Gamer Copa Do Mundo Qatar 2022 Edição Especial Preto Com Vermelho - Mt-2000 Bb1;R$ 988,90
328;Cadeira Gamer Boxbit São Paulo SPFC Invicto, até 120Kg, Base Rodízio, reclina até 170 graus, com almofadas;R$ 1.071,00
329;Cadeira Gamer Galax Giratória Gc-01 Rgb, Preta - Rg01p4dby0;R$ 1.996,63
330;Cadeira Gamer, MX11, Giratória, Preto E Roxo, Mymax;R$ 466,65
331;Cadeira Gamer Maxoffice DN2, Até 150 Kg, Preto e Vermelho, Draxen;R$ 756,50
332;Cadeira Gamer Sharkoon Skiller SGS2 Black Blue;R$ 999,99
333;Cadeira Gamer Pcyes Mad Racer V8 Turbo, Peso Suportado até 180Kg, Função Relax, Branca - V8tbmadpt;R$ 1.081,44
334;Cadeira Gamer Pelegrin Pel-3009, Couro PU - Preta, Vermelha E Azul;R$ 781,84
335;Cadeira Gamer, Goldentec, GT Black, Até 120 Kg, Com Almofadas;R$ 1.299,90
336;Cadeira Gamer Em Couro PU, Reclinável - PEL-C215;R$ 834,04
337;Cadeira Gamer Pelegrin, Até 150 Kg, Em Couro Pu, Reclinável, Preta e Vermelha - PEL-3019;R$ 886,24
338;Cadeira Gamer X Fusion, Azul - C.123;R$ 789,49
339;Cadeira Gamer Boxbit Palmeiras Invicto Base Rodízio, Peso suportado: 120Kg;R$ 1.071,00
340;Cadeira Gamer Pelegrin Pel-3015, Em Couro PU, Reclinável - Preta E Vermelha;R$ 729,64
341;Cadeira Gamer Racer X Comfort, Azul.;R$ 803,65
342;Cadeira Gamer Boxbit  Atlético Mineiro Invicto, Até 120 Kg, Base Rodízio;R$ 1.071,00
343;Cadeira Gamer Cruiser Fortrek, Suporta até 135Kg, Preta/Azul;R$ 865,67
344;Cadeira Gamer ThunderX3 EC3, Peso Suportado até 150Kg, Ajustável, Ciano E Preto - 68000;R$ 1.119,90
345;Cadeira Gamer Office Giratória, Com Elevação A Gás, BC3, H01 Camuflado - Thunderx3;R$ 1.889,90
346;Cadeira Gamer Draxen DN2, 150 kg, Altura Ajustáveis, Reclinação, com almofadas, Preto;R$ 736,95
347;Cadeira Gamer Pelegrin, Preta E Cinza - PEL-3011;R$ 822,44
348;Cadeira Gamer Sharkoon Elbrus 2, Black Blue;R$ 1.199,99
349;Cadeira Gamer New WG-02, Branco;R$ 614,88
350;Cadeira Gamer Pelegrin Pel-3006, Suporta Até 150Kg, Em Couro Pu, Preto e Verde;R$ 700,64
351;Cadeira Gamer Mymax Mx5, Até 150 Kg, Giratória, Preta e Vermelha;R$ 679,15
352;Cadeira Gamer XT Racer Defender, Até 120kg, Com Almofadas, Reclinável, Descanso de Braço 3D, Preto e Vermelho - XTR-030;R$ 944,99
353;Cadeira Gamer Fortrek Blackfire, Suporta até 120Kg, Preta/Vermelha;R$ 724,85
354;Cadeira Gamer Acer Predator Rift Lite 2ª Gen, Até 110 kg, Reclinável, Preto e Azul - gp.gcr11.00n;R$ 1.299,00
355;Cadeira Gamer Dt3 Sports Girl Power V2,Com Almofadas Reclinavel Descanso De Braco, 1d+ Branco E Rosa, U Unica;R$ 1.265,11
356;Cadeira Gamer Bright - 601;R$ 893,76
357;Cadeira Gamer X Fusion, Suporta até 120kg, Branca - C.123;R$ 789,49
358;Cadeira, Dt3sports, Elise, Pink;R$ 1.319,84
359;Cadeira Gamer Office Giratória, Com Elevação A Gás, BC3, Camuflado Azul Admiral - ThunderX3;R$ 1.814,90
360;Cadeira Gamer Design Office, Linha Gamer Racing, Com Almofada, Regulavel, Café com Preto;R$ 4.299,00
361;Cadeira Gamer OEX Game Gc300, Peso Suportado até 180Kg, Mecanismo padrão Borboleta, Preto e Cinza;R$ 1.567,41
362;Cadeira Gamer Mx5, 150kg, Giratória, Com almofadas, Reclinável, Preto/Vermelho;R$ 759,05
363;Cadeira Gamer Profissional ThunderX3 TGC12, Peso Suportado até 120Kg, Preta e Azul;R$ 1.224,70
364;Cadeira Gamer Cooler Master Caliber R2c Cool-in - Preto;R$ 2.019,90
365;Cadeira Gamer Infantil Em Couro Pvc Pelegrin Pel-9354, até 60kg - Preto Com Azul;R$ 387,44
366;Cadeira Gamer Warrior Tongea, Até 120 Kg, Verde - GA160;R$ 745,56
367;Cadeira Presidente Gamer, em Couro Pu, Preta e Azul, Pelegrin - Pel-3002;R$ 886,24
368;Cadeira Gamer Pelegrin, Até 150 Kg, Em Couro PU, Reclinável, Preta E Azul - PEL-3015;R$ 729,64
369;Cadeira Gamer Draxen DN1, até 150 kg, RGB, Rodas de Silicone, Encosto Regulável, Almofadas para apoio, Preto;R$ 849,15
370;Cadeira gamer dt3sports royce tecido graphite 13337-7;R$ 3.297,87
371;Cadeira Gamer Mymax, Com Almofadas, Braço 2D,  Cilindro de Gás Classe 3, Giratória, Preto e Vermelho - MX13;R$ 764,15
372;Cadeira Gamer Thunderx3 BC3 CAMO/AZ Admiral, Peso Suportado até 120Kg, Ergonômica, Reclinável, Camuflada;R$ 1.331,86
373;Cadeira Gamer Thunderx3 Ec1, Suporta Até 120kg, Cilindro De Gás, Almofadas, Preto E Branco - 78234;R$ 705,83
374;Cadeira Gamer Shopb Claire, Reclinável E Giratória, Peso Suportado: Até 120kg, Preta;R$ 649,90
375;Cadeira Gamer Gamdias Zelus M3 L Bo, Até 140Kg, Preto E Laranja;R$ 1.126,02
376;Cadeira Gamer Mymax, Mx5, Até 150kg, Giratória Branco E Verde;R$ 679,15
377;Cadeira Gamer Infantil Em Couro Pvc Pelegrin Pel-9354, até 60kg - Preto Com Vermelho;R$ 387,44
378;Cadeira Gamer DT3 Nero XL, Até 160Kg, Com Almofada, Descanso de Braço 4D, Bubble - 13636-9;R$ 1.539,99
379;Cadeira Gamer, Galax, GC-01 RGB - Preto;R$ 2.659,90
380;Cadeira Gamer Thunderx3 EC1, Peso Suportado até 150Kg, AIR Tech, Preto;R$ 705,83
381;Cadeira Gamer Cruiser Fortrek, Suporta até 135Kg, Ajustável, Butterfly, Preta;R$ 865,67
382;Cadeira Gamer Infantil Em Couro Pvc Pelegrin Pel-9354, até 60kg - Preto Com Amarelo;R$ 387,44
383;Cadeira Gamer Greatek Giratória, Até 150Kg, Estofada, Preta;R$ 629,90
384;Cadeira Gamer, Fifa Qatar 2022, Checkpoint, Preto Com Vermelho - Dx-3000 Lx1;R$ 988,90
385;Cadeira Gamer, Redragon Coeus, Preta/vermelha - C201-br;R$ 1.637,25
386;Cadeira Gamer Noblechairs Hero Doom Edition - NBL-HRO-PU-DET;R$ 2.999,99
387;Cadeira Gamer Gallant Pro, Até 140 Kg, Giratória, Altura Regulável, Preto e Vermelho;R$ 899,00
388;Cadeira Gamer Ergonomica Cougar Argo 3mergoch Preto E Laranja;R$ 3.654,99
389;Cadeira Gamer Pelegrin, Em Couro PU, Reclinável, Preta E Vermelha - PEL-3003;R$ 1.228,44
390;Cadeira Gamer Pelegrin Pel-3023 Reclinável Com Led Preta;R$ 1.042,84
391;Cadeira Gamer DN2, Preto e Azul, Draxen;R$ 764,15
392;Cadeira Gamer New, Até 120 Kg, Verde - WG-02;R$ 614,88
393;Cadeira Gamer Fortrek Vickers, Black/Pink - 70523;R$ 689,99
394;Cadeira Gamer Mymax Mx15 Giratoria Peso Máximo Suportado: 150 Kg, Preto;R$ 849,15
395;Cadeira Gamer Mymax MX1, Peso Suportado até 120Kg, Giratória, Preto e Branco;R$ 700,92
396;Cadeira Gamer Boxbit Palmeiras Fanático Peso suportado: 120Kg, Base Rodízio;R$ 669,38
397;Cadeira Gamer Gc200, Estofado Em Couro Sintético, 100kg, Preto e Laranja;R$ 902,41
398;Cadeira Gamer São Paulo SPFC Fanático Boxbit Base Rodízio;R$ 669,38
399;Cadeira Gamer Gallant Pro Giratória, Altura Regulável, Preta - GCD10GPUB-AZ;R$ 869,00
400;Cadeira Gamer Prizi Runner, Até 120Kg, Roxa;R$ ----
401;Cadeira Gamer Cougar Outrider Royal - 3morrnxb.0001;R$ 1.449,00
402;Cadeira Gamer Thunderx3 Tgc12, Evo Edição Limitada, até 125 kg, Ergonômica, Braço Bidirecional, Azul;R$ 1.304,85
403;kit 2 Cadeiras Gamer PlayerXTreme Executiva Escritório, PU, Vermelho;R$ 1.579,90
404;Cadeira Gamer Show de Cadeiras X Fusion, Suporta até 120kg, Giratória, inclinação em estágios e rodízio anti-risco, Preto - C.123;R$ 789,49
405;Cadeira Gamer Noblechairs EPIC, Black Red - NBL-PU-RED-002;R$ 2.299,99
406;Cadeira Gamer Alpha Gamer Zeta, Até 120 Kg, Preto e Vermelho - AGZETA-BK-R;R$ 889,99
407;Cadeira Gamer Dt3 Elise Fabric V2 13445-7, Cinza, Com Almofadas Reclinavel E Com Descanso De Braco, 1d U Unica;R$ 1.361,53
408;Cadeira Gamer Thunderx3 Tgc12, Evo Edição Limitada, até 125 kg, Ergonômica, Braço Bidirecional, Vermelha;R$ 1.146,65
409;Cadeira Gamer Sakes, Vermelha - INP21001;R$ 555,90
410;Cadeira Gamer Fortrek Black Hawk, Peso Suportado até 140Kg, Altura Ajustável, Preto e Vermelho;R$ 1.049,85
411;Cadeira Gamer Cougar Armor Titan Pro Royal,  até 160kg, Com Almofadas, Reclinável, Preta - 3MTITANR.0001;R$ 2.855,97
412;Cadeira Gamer Pelegrin, Couro Pu, Preto E Vermelha - PEL-3006;R$ 700,64
413;Cadeira Gamer Profissional Dc Superman Reclinável Suporta Até 150kg Azul;R$ 851,90
414;Cadeira, Dt3sports, Elise, Blue;R$ 1.827,21
415;Cadeira Gamer Greatek Reclinável, Até 150Kg, Estofada, Roxa e Preta;R$ 949,00
416;Cadeira Gamer Fortrek Black Hawk, Peso Suportado até 140Kg, Espuma moldada por injeção, Preta e Rosa - Fkcrpp;R$ 1.119,84
417;Cadeira Gamer Copa Do Mundo Qatar 2022 Edição Especial Vermelho Com Branco - Dx-3000 Lx2;R$ 988,90
418;Cadeira Gamer DT3Sports Elise Fabric, Suporta até 130Kg, Azul;R$ 1.538,98
419;Cadeira Gamer ThunderX3 TC3, Suporta Até 150Kg, All Black;R$ 1.688,70
420;Cadeira Gamer Mymax MX7, Suportado até 150Kg, Giratória, Preto e Verde;R$ 679,15
421;Cadeira Gamer Giratória Com Elevação A Gás 02 Almofadas De Apoio Cruiser H01 Preto - Fortrek;R$ 1.454,90
422;Cadeira Gamer Pelegrin, Reclinável, Preta E Cinza - PEL-3018;R$ 990,64
423;Cadeira Gamer ThunderX3 DC3, Suporta até 150Kg, Preta;R$ 1.362,86
424;Cadeira Gamer Preto Healer Lancer Reclinável Giratória;R$ 620,58
425;Cadeira Gamer Pelegrin Pel-3019, Suporta até 150Kg, em Couro Pu, Encosto reclinável com trava, com almofadas, Preta;R$ 886,24
426;Cadeira Gamer Fortrek Vickers, Preta;R$ 719,15
427;Cadeira Gamer, Fifa Qatar 2022, Checkpoint, Vermelho Com Branco - MT-2000 BW1;R$ 988,90
428;Cadeira Gamer Dragon War - Gc-035;R$ 854,91
429;Cadeira Gamer Cruiser Fortrek, Suporta até 135Kg, Preto/Rosa;R$ 865,67
430;Cadeira Gamer ThunderX3 EC3, Suporta até 150Kg, Preta/Vermelha;R$ 1.059,90
431;Cadeira Gamer Comet Vinik, Branca, Ergonômica, Reclinável Com Apoio De Braço 2d E Ajuste De Altura;R$ 841,82
432;Cadeira Gamer, Interlocutor, Linha Gamer Racing - Amarelo;R$ 3.593,36
433;Cadeira Gamer Para Escritório, Linha Gamer Racing, Verde;R$ 4.125,71
434;Cadeira Gamer Para Escritório, Linha Gamer Racing, Rosa;R$ 4.125,71
435;Cadeira Gamer Para Escritório, Linha Gamer Racing, Vermelho;R$ 4.125,71
436;Cadeira Gamer, Interlocutor, Linha Gamer Racing - Cinza;R$ 3.593,36
437;Cadeira Gamer Para Escritório, Linha Gamer Ravenna, Vermelho;R$ 2.959,00
438;Cadeira Gamer, Giratória Com Braço, Linha Gamer Racing - Azul;R$ 4.125,71
439;Cadeira Gamer Design Office, Interlocutor Linha Gamer Racing - Marrom;R$ 3.593,36
440;Cadeira Gamer Design Office Móveis Giratória Com Braço, Linha Gamer Racing - Azul;R$ 4.125,71
441;Cadeira Thunderx3 Dc1 Black/red;R$ 1.154,87
442;Cadeira Gamer Dn2 Preto/azul Celeste - Draxen;R$ 764,15
443;Cadeira Gamer Design Office Móveis Interlocutor Linha Gamer Racing, Peso recomendado: até 120 kg, Laranja;R$ 3.593,36
444;Cadeira Gamer Design Office Móveis Interlocutor Linha Gamer Racing, Peso recomendado: até 120 kg, Verde;R$ 3.593,36
445;Cadeira Gamer Design Office Móveis Interlocutor Linha Gamer Racing, Peso recomendado: até 120 kg, Vermelho;R$ 3.593,36
446;Cadeira Gamer, Interlocutor, Linha Gamer Racing - Amarelo;R$ 3.593,36
447;Cadeira Gamer Para Escritório, Linha Gamer Racing, Verde;R$ 4.125,71
448;Cadeira Gamer Para Escritório, Linha Gamer Racing, Rosa;R$ 4.125,71
449;Cadeira Gamer Para Escritório, Linha Gamer Racing, Vermelho;R$ 4.125,71
450;Cadeira Gamer, Interlocutor, Linha Gamer Racing - Cinza;R$ 3.593,36
451;Cadeira Gamer Para Escritório, Linha Gamer Ravenna, Vermelho;R$ 2.959,00
452;Cadeira Gamer, Giratória Com Braço, Linha Gamer Racing - Azul;R$ 4.125,71
453;Cadeira Gamer Design Office, Interlocutor Linha Gamer Racing - Marrom;R$ 3.593,36
454;Cadeira Gamer Para Escritório, Linha Gamer Racing, Branco;R$ 4.125,71
455;Cadeira Gamer Para Escritório, Linha Gamer Racing, Marrom;R$ 4.125,71
456;Cadeira Gamer Para Escritório, Linha Gamer Racing, Cinza;R$ 4.125,71
457;Cadeira Gamer, Interlocutor, Linha Gamer Racing - Vermelho;R$ 3.593,36
458;Cadeira Gamer Para Escritório, Linha Gamer Racing, Vermelho;R$ 4.125,71
459;Cadeira Gamer Design Office Móveis Para Home Office Linha Gamer Blenda Azul;R$ 2.345,00
460;Cadeira Gamer Design Office, Linha Gamer Racing, Com Almofada, Regulavel, Verde com Preto;R$ 4.299,00
461;Cadeira Gamer Design Office, Linha Gamer Racing, Com Almofada, Regulavel, Rosa Pink com Preto;R$ 4.299,00
462;Cadeira Gamer Design Office, Linha Gamer Racing, Com Almofada, Regulavel, Rosa Claro com Preto;R$ 4.299,00
463;Cadeira Gamer Design Office Diretor, Linha Gamer Racing, ate 110 Kg, Sem Almofada, Azul Claro com Preto;R$ 3.593,36
464;Cadeira Gamer Design Office, Linha Gamer Racing, Com Almofada, Regulavel, Marrom com Preto;R$ 4.299,00
465;Cadeira Gamer Design Office Móveis, Giratória Linha Gamer Racing - Amarelo;R$ 4.125,71
466;Cadeira Gamer Para Escritório, Linha Gamer Racing, Cinza Claro;R$ 4.125,71
467;Cadeira Gamer, Interlocutor, Linha Gamer Racing - Rosa;R$ 3.593,36
468;Cadeira Thunderx3 Xc3 All Black;R$ 2.044,68
469;Cadeira Gamer Decoremix Peso Suportado 120 kg, Giratória, Braços Retrátil;R$ 599,00
470;Cadeira Gamer Design Office Móveis Base Giratória Com Braço, Linha Gamer Racing - Vermelho;R$ 4.125,71
471;Cadeira Gamer Design Office Móveis Giratória Com Braço, Linha Gamer Racing - Azul;R$ 4.125,71
472;Cadeira Thunderx3 Dc1 Black/red;R$ 1.154,87
473;Cadeira Gamer Dn2 Preto/azul Celeste - Draxen;R$ 764,15
474;Cadeira Gamer Pelegrin Pel-3005 Preta E Verde;R$ 625,24
475;Cadeira Gamer Pelegrin Em Couro Pu, Reclinável, Preta E Vermelha - PEL-3013;R$ 938,44
476;Cadeira Gamer Pelegrin, Couro Pu Preta, Vermelha E Verde - PEL-3009;R$ 781,84
477;Cadeira Gamer Infantil Pelegrin, Em Couro Pu, Preta e Vermelha - Pel-9353;R$ 520,84
478;Cadeira Presidente Gamer, Em Couro Pu, Preta e Vermelho, Pelegrin - Pel-3002;R$ 886,24
479;Cadeira Gamer Pelegrin, Em Couro PU, Reclinável, Preta E Verde - PEL-3012;R$ 1.170,44
480;Cadeira Presidente Gamer, Em Couro Pu, Preta e Vermelho, Pelegrin - Pel-3002;R$ 886,24
481;Cadeira Gamer Pelegrin, Em Couro PU, Reclinável, Preta E Verde - PEL-3012;R$ 1.170,44
482;Cadeira Presidente Gamer Em Couro Pu, Preta E Verde Pelegrin - PEL-3002;R$ 886,24
483;Cadeira Gamer Pelegrin Em Couro Pu, Reclinável, Preta E Azul - Pel-3013;R$ 938,44
484;Cadeira Gamer Pelegrin Em Couro Pu Reclinável Pel-3012 Preta E Cinza;R$ 1.170,44
485;Cadeira Gamer Evolut Hunter EG908, Preto E Vermelho;R$ 809,99
486;Cadeira Gamer Escritório Bright - Preta E Amarela - 605;R$ 599,00
487;Cadeira Gamer Tr-max, Até 120 Kg, de Couro, Giratória, Ajustável - Preta;R$ 1.055,70
488;Cadeira Gamer Design Office Móveis Interlocutor Linha Gamer Racing, Peso recomendado: até 120 kg, Rosa;R$ 3.593,36
489;Cadeira Gamer Top Tag Preta E Vermelha - Hs2691i;R$ 900,47
490;Cadeira Gamer Design Office Móveis Interlocutor Linha Gamer Racing, Peso recomendado: até 120 kg, Laranja;R$ 3.593,36
491;Cadeira Gamer Design Office Móveis Interlocutor Linha Gamer Racing, Peso recomendado: até 120 kg, Verde;R$ 3.593,36
492;Cadeira Gamer Design Office Móveis Interlocutor Linha Gamer Racing, Peso recomendado: até 120 kg, Vermelho;R$ 3.593,36
493;Cadeira Gamer Dt3 Sports Romeo Tecido, Blue - 13792-2;R$ 1.496,85
494;Cadeira Gamer, Modelo Armor Air - Ref.3maair.0001;R$ 1.630,00
495;Cadeira Gamer Ideal, Giratória, 83x65x32cm;R$ 734,40
496;Cadeira Gamer Ideal, Giratória, Com LED, RGB, 83x65x32cm;R$ 798,66
497;Cadeira Gamer Ideal, Giratória, 84x65x34cm;R$ 890,46
498;Cadeira Gamer Cooler Master, Caliber R1- Preto e Roxo, Cmi-gcr1 2018.;R$ 1.508,92
499;Cadeira Gamer Primex V2 Preto/vermelho, 62000153,;R$ 825,55
500;Cadeira Gamer Ideal, Giratória, 84x65x34cm;R$ 890,46
501;Cadeira Gamer, Modelo Armor Air - Ref.3maair.0001;R$ 1.630,00
502;Cadeira Gamer Aerocool Air, Preto E Vermelho - Ac40c;R$ 799,00
503;Cadeira Gamer Sun House Hawker, Em Courino, Preto E Cinza - 61951;R$ 978,90
504;Cadeira Gamer BRX 719, Até 120Kg, Vermelho E Preto;R$ 699,90
505;Cadeira Thunderx3 Tc3, até 125 kg, Rotação de 360 grau, Sakura White;R$ 1.105,43
506;Cadeira Gamer Redragon Metis, Preta e Vermelha  C102-BR;R$ 1.692,81
507;Cadeira Gamer Gamdias Zelus E3 Weave L Gb, até 120kg, C/ Apoio De Braço, Cinza/preto;R$ 867,30
508;Cadeira Gamer Ideal, Giratória, 83x63x28.5cm;R$ 633,42
509;Cadeira Gamer Cougar Terminator, Até 135Kg - Ref.3mternxb.0001;R$ 6.275,95
510;Cadeira Gamer, Predator Com Acabamento Premium, Espuma De Alta Densidade;R$ 2.799,00
511;Cadeira Gamer Ideal, Giratória, 83x63x28.5cm;R$ 532,44
512;Cadeira Gamer Executiva Escritório Gran Belo Kenpachi Pu Sintético, Vermelho G24;R$ 789,90
513;Cadeira Gamer PCYes Mad Racer STI Turbo Candy Pink, Até 120kg, Reclinável, Rosa - MRSTIR10RS;R$ 639,99
514;Cadeira Gamer Grigio Dt3 Sports - Cinza;R$ 1.335,40
515;Cadeira Gamer Vinik Rocket Preta Com Vermelho - Cgr10pvm;R$ 646,46
516;Cadeira Gamer Healer, Level Reclinável Giratória Com Apoio De Pés - Verde E Preto;R$ 788,41
517;Cadeira Gamer Healer, Level Reclinável Giratória Com Apoio De Pés - Vermelho E Preto;R$ 788,41
518;Cadeira Gamer, Xtreme Gamers, Supra, até 120 Kgs, Reclinável, Braços Fixos, Preta E Azul;R$ 599,00
519;Cadeira Gamer Maxprint/dazz, Omega, Preta, Peso Máximo Suportado: 100kg;R$ 519,90
520;Cadeira Dt3 Gamma Fabric Black, Peso máximo suportado: 120kg;R$ 1.442,70
521;Cadeira Gamer Interlocutor  Verde Linha Gamer Racing;R$ 3.593,36
522;Cadeira Gamer Tr-max, Até 120 Kg, de Couro, Giratória, Ajustável - Vermelha;R$ 1.055,70
523;Cadeira Gamer Design Office Diretor, Linha Gamer Racing, ate 110 Kg, Sem Almofada, Rosa Claro com Preto;R$ 3.593,36
524;Cadeira Gamer Design Office Diretor, Linha Gamer Racing, ate 110 Kg, Sem Almofada, Cinza com Preto;R$ 3.593,36
525;Cadeira Gamer Design Office Diretor, Linha Gamer Racing, ate 110 Kg, Sem Almofada, Roxo com Preto;R$ 3.593,36
526;Cadeira Gamer Design Office Diretor, Linha Gamer Racing, ate 110 Kg, Sem Almofada, Amarelo Mostarda com Preto;R$ 3.593,36
527;Cadeira Gamer Para Escritório, Linha Gamer Racing, Preto;R$ 4.125,71
528;Cadeira Gamer Para Escritório, Linha Gamer Racing, Verde;R$ 4.125,71
529;Cadeira Gamer Para Escritório, Linha Gamer Racing, Rosa;R$ 4.125,71
530;Cadeira Gamer Design Office Móveis Giratória Com Braço, Linha Gamer Racing - Azul;R$ 4.125,71
531;Cadeira Gamer Interlocutor  Azul Linha Gamer Racing;R$ 3.593,36
532;Cadeira Gamer Com Almofada, Cinza, Linha Gamer Racing;R$ 4.299,00
533;Cadeira Gamer Giratoria Preta;R$ 1.049,66
534;Cadeira Gamer Overseas Overx Pro Opt, Até 120Kg, Ergonômica/Giratória, Preto E Vermelho;R$ 1.099,90
535;Cadeira Gamer Design Office Móveis, Até 120 Kg,  Base com Braço,  Vermelho;R$ 3.593,36
536;Cadeira Gamer Base Giratória Com Braço Linha Gamer Racing;R$ 3.593,36
537;Cadeira Gamer Design Office, Linha Gamer Racing, Com Almofada, Regulável, Vermelho com Preto;R$ 4.299,00
538;Cadeira Gamer Design Office Móveis Interlocutor Linha Gamer Racing, Peso recomendado: até 120 kg, Roxo;R$ 3.593,36
539;Cadeira Gamer Mymax Mx15, Giratória, Preto/Vermelho;R$ 849,15
540;Cadeira Gamer Design Office Móveis Interlocutor, Linha Gamer Racing, até 120 kg, Bege;R$ 3.593,36
541;Cadeira Gamer Design Office Diretor, Linha Gamer Racing, ate 110 Kg, Sem Almofada, Roxo com Preto;R$ 3.593,36
542;Cadeira Gamer Design Office Diretor, Linha Gamer Racing, ate 110 Kg, Sem Almofada, Amarelo Mostarda com Preto;R$ 3.593,36
543;Cadeira Gamer Design Office Móveis, Até 120 Kg,  Base com Braço,  Vermelho;R$ 3.593,36
544;Cadeira Gamer Base Giratória Com Braço Linha Gamer Racing;R$ 3.593,36
545;Cadeira Gamer Design Office, Linha Gamer Racing, Com Almofada, Regulável, Vermelho com Preto;R$ 4.299,00
546;Cadeira Gamer Tr-max, Até 120 Kg, de Couro, Giratória, Ajustável - Vermelha;R$ 1.055,70
547;Cadeira Gamer Interlocutor  Azul Linha Gamer Racing;R$ 3.593,36
548;Cadeira Gamer Akracing K7 Wide, Red, Reclinável 12º, Com Almofadas, Cilindro De Gás Classe 4;R$ 2.296,73
549;Cadeira Gamer Com Almofada, Cinza, Linha Gamer Racing;R$ 4.299,00
550;Cadeira Gamer Pelegrin Em Couro Pu, Preta E Cinza - PEL-3017;R$ 648,44
551;Cadeira Gamer Pelegrin Pel-3011, Preta E Vermelha;R$ 822,44
552;Cadeira Gamer Pelegrin Pel-3011, Preta E Azul;R$ 822,44
553;Cadeira Gamer Pelegrin Pel-3015, Em Couro PU, Reclinável - Preta E Verde;R$ 729,64
554;Cadeira Gamer Pelegrin, Em Couro PU, Reclinável, Preta E Azul - PEL-3003;R$ 1.228,44
555;Cadeira Gamer Pelegrin Em Couro Pu, Preta E Azul - PEL-3017;R$ 648,44
556;Cadeira Gamer Pelegrin Pel-3005 - Azul, Branca E Preta;R$ 625,24
557;Cadeira Gamer Pelegrin Em Couro Pu, Preta E Vermelha - PEL-3017;R$ 648,44
558;Cadeira Gamer Pelegrin, Preta E Cinza - PEL-3005;R$ 625,24
559;Cadeira Gamer Interlocutor  Verde Linha Gamer Racing;R$ 3.593,36
560;Cadeira Gamer OexGame Gc500, Com LED E Controle Remoto, Até 120Kg, Cilindro Classe 4, 2 Almofadas Removíveis, Preto E Cinza;R$ 2.184,05
561;Cadeira Gamer Pelegrin Em Couro Pu, Preta E Cinza - PEL-3017;R$ 648,44
562;Cadeira Gamer Pelegrin Pel-3011, Preta E Vermelha;R$ 822,44
563;Cadeira Gamer Pelegrin Pel-3011, Preta E Azul;R$ 822,44
564;Cadeira Gamer Pelegrin Pel-3015, Em Couro PU, Reclinável - Preta E Verde;R$ 729,64
565;Cadeira Gamer Pelegrin, Em Couro PU, Reclinável, Preta E Azul - PEL-3003;R$ 1.228,44
566;Cadeira Gamer Pelegrin Em Couro Pu, Preta E Azul - PEL-3017;R$ 648,44
567;Cadeira Gamer Pelegrin Pel-3005 - Azul, Branca E Preta;R$ 625,24
568;Cadeira Gamer Pelegrin Em Couro Pu, Preta E Vermelha - PEL-3017;R$ 648,44
569;Cadeira Gamer Pelegrin, Preta E Cinza - PEL-3005;R$ 625,24
570;Cadeira Gamer Design Office Móveis Para Escritório Linha Gamer Cagliari Rosa;R$ 2.750,00
571;Cadeira Gamer Cooler Master Caliber X2, Preto Com Cinza;R$ 2.139,90
572;Cadeira Gamer Havit, com LED, Preta, Com Almofada, Braço 2D  - GC927;R$ 1.499,00
573;Cadeira Gamer Greatek Estofada, Vermelho E Preta;R$ 999,00
574;Cadeira Gamer Pelegrin, Couro Pu Preta, Vermelha E Cinza - PEL-3009;R$ 781,84
575;Cadeira Gamer Ideal, Giratória, 78x32x65cm;R$ 633,42
576;Cadeira Gamer  Ideal, Giratória, 76x32x59cm;R$ 559,98
577;Cadeira Gamer Cooler Master Caliber R3,Preto;R$ 1.803,16
578;Cadeira Gamer Ideal, Giratória, Com LED, RGB,  83x65x32cm;R$ 716,04
579;Cadeira Thunderx3 Tc3, até 125 kg, Rotação de 360 grau, Azure Blue;R$ 1.688,70
580;Cadeira Gamer Or Design F16, Peso Máx. Suportado 120Kg, Resistente, Preto- OR-3318PRETA;R$ 1.299,90
581;Cadeira Gamer Dt3 Sports Elise V2 13436-7 Preta Com Almofadas E Reclinavel U Unica Unica;R$ 1.276,82
582;Cadeira Thunderx3 Tc3, até 125 kg, Rotação de 360 grau, Neon Green;R$ 1.105,43
583;Cadeira Gamer BRX 702, Até 150Kg, Preto E Vermelha;R$ 799,90
584;Cadeira Gamer Evolut, Ace, Ate 120 Kg, Preto/azulC- EG-909;R$ 1.091,99
585;Cadeira Gamer Multi Sense Viper,  Até 130Kg, Azul  - Ga227;R$ 1.034,01
586;Cadeira Gamer Sense Viper Multi, Até 130Kg, Preta - Ga226;R$ 1.034,01
587;Cadeira Gamer, Xtreme Gamers, Maximum, até 120 Kgs, Reclinável, Braços Fixos, Preta E Vermelha;R$ 1.610,90
588;Cadeira Gamer, Xtreme Gamers, Supra, até 120 Kgs, Reclinável, Braços Fixos, Preta E Vermelha;R$ 599,00
589;Cadeira Gamer Thunderx3 Ec3, até 125 kg, com almofadas, Ajustável, Air Tech, Laranja;R$ 972,22
590;Cadeira Gamer Royale Preto E Branco, Com Regulagem De Altura;R$ 899,00
591;Cadeira Gamer Cougar Armor Elite Royal, Até 120Kg - 3meliglb.0001;R$ 1.335,40
592;Cadeira Gamer Cougar Armor Elite, Até 120Kg - 3meliorb.0001;R$ 1.216,55
593;Cadeira Gamer PCYes Mad Racer STI Turbo Savage Green, Até 120kg, Reclinável, Verde - MRSTIR10VD;R$ 639,99
594;Cadeira Gamer Royale Preto, Branco E Vermelho, com regulagem de altura;R$ 552,42
595;Cadeira Gamer Gxt 707r Resto Gaming Trust;R$ 1.499,30
596;Cadeira Gamer Base Fixa Com Braço Linha Gamer Racing Azul;R$ 2.756,81
597;Cadeira Gamer Design Office Diretor, Linha Gamer Racing, ate 110 Kg, Sem Almofada, Telha com Preto;R$ 3.593,36
598;Cadeira Gamer Design Office Móveis Gamer Racing, Até 120 Kg, Base com Braço, Vermelho;R$ 3.593,36
599;Cadeira Gamer Design Office, Linha Gamer Racing, Com Almofada, Regulavel, Bege com Preto;R$ 4.299,00
600;Cadeira Gamer Design Office Diretor, Linha Gamer Racing, ate 110 Kg, Sem Almofada, Verde Escuro com Preto;R$ 3.593,36
601;Cadeira Gamer Design Office, Linha Gamer Racing, Com Almofada, Regulavel, Branco com Preto;R$ 4.299,00
602;Cadeira Gamer Design Office Diretor, Linha Gamer Racing, ate 110 Kg, Sem Almofada, Rosa Pink com Preto;R$ 3.593,36
603;Cadeira Gamer Base Giratória Com Braço Linha Gamer Racing Vermelho;R$ 4.125,71
604;Cadeira Gamer Design Office, Linha Gamer Racing, Com Almofada, Regulável, Vinho com Preto;R$ 4.299,00
605;Cadeira Gamer Design Office, Linha Gamer Racing, Com Almofada, Regulavel, Laranja com Preto;R$ 4.299,00
606;Cadeira Gamer Para Escritório, Linha Gamer Racing, Azul;R$ 4.125,71
607;Cadeira Gamer Para Escritório, Linha Gamer Cagliari - Azul;R$ 2.750,00
608;Cadeira Gamer, Interlocutor, Linha Gamer Racing - Vermelho;R$ 3.593,36
609;Cadeira Gamer, Giratória Com Braço, Linha Gamer, Racing Azul - Vermelho;R$ 4.125,71
610;Cadeira Gamer Design Office Diretor, Linha Gamer Racing, ate 110 Kg, Sem Almofada, Telha com Preto;R$ 3.593,36
611;Cadeira Gamer Design Office Móveis Gamer Racing, Até 120 Kg, Base com Braço, Vermelho;R$ 3.593,36
612;Cadeira Gamer Design Office, Linha Gamer Racing, Com Almofada, Regulavel, Bege com Preto;R$ 4.299,00
613;Cadeira Gamer Base Giratória Com Braço Linha Gamer Racing;R$ 3.593,36
614;Cadeira Gamer Base Fixa Com Braço Linha Gamer Racing Azul;R$ 2.756,81
615;Cadeira Gamer Design Office Diretor, Linha Gamer Racing, ate 110 Kg, Sem Almofada, Vermelho com Preto;R$ 3.593,36
616;Cadeira Gamer Base Giratória Com Braço Linha Gamer Racing Amarelo;R$ 3.593,36
617;Cadeira gamer dt3sports royce tecido ashen 13340-1;R$ 3.233,84
618;Cadeira Gamer Para Escritório, Linha Gamer Cagliari, Vermelho;R$ 2.750,00
619;Cadeira Gamer Gxt 707r Resto Gaming Trust;R$ 1.499,30
620;Cadeira Gamer Para Escritório, Linha Gamer Racing, Vermelho;R$ 4.125,71
621;Cadeira Gamer Para Escritório Linha Gamer Cagliari Laranja;R$ 2.750,00
622;Cadeira Gamer Para Escritório, Linha Gamer Racing, Roxo;R$ 4.125,71
623;Cadeira Gamer, Interlocutor, Linha Gamer Racing - Branco;R$ 3.593,36
624;Cadeira Gamer Tr-max, Até 120 Kg, de Couro, Giratória, Ajustável - Azul;R$ 1.055,70
625;Cadeira Gamer Draxen Dn3, Giratória, Até 150Kg - Preto/verde;R$ 754,92
626;Cadeira Gamer Design Office Móveis Giratória, Linha Gamer Racing - Amarelo;R$ 4.125,71
627;Cadeira Gamer King Heavy Duty - Cl-ck005;R$ 1.960,00
628;Cadeira Gamer Atacadeiras, Até 120 kg, Com Iluminação LED, Preto;R$ 1.006,88
629;Cadeira Gamer King Cl-ck047 - Clanm;R$ 1.920,00
630;Cadeira Gamer Draxen Dn3, Até 150Kg, Giratória - Preto/vermelho;R$ 754,92
631;Cadeira Gamer Evolut Prism, Até 135Kg, Cinza E Amarelo - Eg-910;R$ 909,99
632;Cadeira Gamer Redragon Coeus, C201-bw, Ajustável, Couro Sintético, Preta E Branca;R$ 1.599,99
633;Cadeira Gamer Para Escritório, Linha Gamer Racing, Azul;R$ 4.125,71
634;Cadeira Gamer Para Escritório, Linha Gamer Cagliari - Azul;R$ 2.750,00
635;Cadeira Gamer, Interlocutor, Linha Gamer Racing - Vermelho;R$ 3.593,36
636;Cadeira gamer dt3sports royce tecido ashen 13340-1;R$ 3.233,84
637;Cadeira Gamer Para Escritório, Linha Gamer Cagliari, Vermelho;R$ 2.750,00
638;Cadeira Gamer, Giratória Com Braço, Linha Gamer, Racing Azul - Vermelho;R$ 4.125,71
639;Cadeira Gamer Design Office Móveis Para Escritório Linha Gamer Cagliari Verde;R$ 2.750,00
640;Cadeira Gamer Dt3 Sports Módena, Até 140Kg, Cinza;R$ 1.808,80
641;Cadeira Gamer Reclinável, Greatek, Preto e Vermelho;R$ 1.043,01
642;Cadeira Gamer Dt3 Elise Fabric V2 13446-8, Vermelho, Com Almofadas Reclinavel E Com Descanso De Braco, 1d U Unica;R$ 1.229,97
643;Cadeira Gamer Dt3 Sports Elise V2 13437-8, Azul, Com Almofadas E Reclinavel, Suporta Ate 130kg, U Unica;R$ 1.361,53
644;Cadeira Gamer, Preto, Com Almofada, Linha Gamer Racing;R$ 4.299,00
645;Cadeira Gamer Pelegrin, Preta E Vermelha - PEL-3005;R$ 625,24
646;Cadeira Gamer De Balanço Pelegrin Pel-3024 Preta Com Led E Auto-falante Bluetooth;R$ 810,84
647;Cadeira Gamer Infantil Em Couro Pvc Pelegrin Pel-9354, até 60kg - Preto Com Branco;R$ 387,44
648;Cadeira Gamer Pelegrin, Preta E Azul - PEL-3005;R$ 625,24
649;Cadeira Gamer Pelegrin, Em Couro PU, Reclinável, Preta E Vermelha - PEL-3012;R$ 1.170,44
650;Cadeira Gamer Pelegrin Em Couro Pu, Reclinável, Preta E Cinza - PEL-3013;R$ 938,44
651;Cadeira Gamer Pelegrin, Reclinável, Preta E Vermelha - PEL-3018;R$ 990,64
652;Cadeira Gamer OverX Pro Opt, Até 120Kg, Ergonômica, Giratória, Preto E Azul;R$ 1.099,90
653;Cadeira Gamer Design Office Móveis Interlocutor Linha Gamer Racing, Peso recomendado: até 120 kg, Cinza;R$ 3.593,36
654;Cadeira Gamer Design Office Móveis Interlocutor Linha Gamer Racing, Peso recomendado: até 120 kg, Azul;R$ 3.593,36
655;Cadeira Gamer Design Office Móveis Interlocutor Linha Gamer Racing, Peso recomendado: até 120 kg, Verde;R$ 3.593,36
656;Cadeira Gamer Design Office Móveis Interlocutor Linha Gamer Racing, Peso recomendado: até 120 kg, Verde com Preto;R$ 3.593,36
657;Cadeira Gamer Estofada Camuflada Greatek;R$ 1.328,90
658;Cadeira Gamer Cooler Master Caliber X1c Cool-in - Cinza;R$ 3.189,90
659;Kit - Mesa Gamer Pelegrin Pel-002p, Preta + Cadeira Gamer Pelegrin Pel-3017, Cinza;R$ 1.622,84
660;Kit - Mesa Gamer Pelegrin Pel-002p, Preta + Cadeira Gamer Pelegrin Pel-3017, Cinza;R$ 1.622,84
661;Cadeira Gamer Healer, Level Reclinável Giratória Com Apoio De Pés - Azul E Preto;R$ 788,41
662;Cadeira Gamer Thunderx3 Tgc12 Evo, até 125kg, com almofadas, Braço bidirecional, Couto Sintetico, Branca;R$ 1.399,93
663;Cadeira Gamer Aerocool Air, Preto E Azul - Ac40c;R$ 799,00
664;Cadeira Gamer Aerocool Air All Black, Preto - Ac40c;R$ 799,00
665;Cadeira Gamer BRX 711, Até 120kg, Preto E Vermelho;R$ 599,90
666;Cadeira Dt3 Tanoshi Edição Limitada Preto E Azul;R$ 1.378,65
667;Cadeira Gamer Greatek, Reclinavel, Estofada, Peso Suportado: 150 kg, Preta;R$ 799,00
668;Cadeira Gamer U Fit Black-Red Tt - Ggc-uft-brmwds-01;R$ 2.249,59
669;Cadeira Gamer MoobX Thunder, Peso Suportado até 125Kg, Braços Reguláveis 2D, e Regulagem De Altura, Preto e Azul;R$ 1.104,15
670;Cadeira Gamer Viper Pro Mamba, Até 120 Kg, Com Almofadas, Reclinável, Acolchoada, Giratória, Preta - Vi402 Cadmamba602;R$ 1.040,71
671;Cadeira Gamer PCYes Mad Racer STI Turbo Red Magma, Até 120kg, Reclinável, Vermelho - MRSTIR10VL;R$ 639,99
672;Cadeira Gamer V4 Company Ltv Elements, Até 140Kg, Couro Sintético PU;R$ 999,90
673;Cadeira Gamer Thunderx3 Ec3, até 125 kg, com almofadas, Ajustável, Air Tech, Rosa;R$ 972,22
674;Cadeira Gamer Thunderx3 Ec3, até 125 kg, com almofadas, Ajustável, Air Tech, Branca;R$ 972,22
675;Cadeira Gamer Fox Racer RGB, Iluminação LED, Até 120Kg, Preta;R$ 937,73
676;Cadeira Gamer Fox Racer RGB, Iluminação LED, Logo Preto, Rosa;R$ 937,73
677;Cadeira Gamer, Xtreme Gamers, Cinesis Ny, até 120 Kgs, Reclinável, Braços Fixos, Preta E Azul;R$ 594,96
678;Cadeira Gamer Fortrek, Cruiser, Preta/Vermelha, Reclinável;R$ 865,67
679;Cadeira Gamer Black Hawk Fortrek, Preta com Verde;R$ 892,04
680;Cadeira Gamer Fortrek Black Hawk, Até 120Kg, Reclinável, Preto E Azul;R$ 1.119,84
681;Cadeira Gamer, MoobX, Profissional Thunder, Braços Reguláveis 2D e Regulagem De Altura;R$ 1.299,00
682;Cadeira Gamer, MoobX, Profissional Thunder, Braços Reguláveis 2D e Regulagem De Altura;R$ 999,90
683;Cadeira Gamer MoobX Nitro, Até 125 Kg, Com Regulagem de Altura e Reclinação 180°;R$ 799,90
684;Cadeira Gamer PRO-X Gaming Executiva, Reclinável, Giratóri Preto/Vermelho;R$ 989,90
685;Cadeira Gamer Bela MoobX GT Racer Profissional, Preto/Amarelo;R$ 999,00
686;Cadeira Gamer, Best, G500 - Preto com Azul;R$ 938,10
687;Cadeira Gamer ThunderX3 Camo/VD Military - BC3;R$ 1.331,86
688;Cadeira Gamer, MoobX, GT Racer;R$ 999,00
689;Cadeira Gamer Fortrek Vickers, Suporta até 135Kg, Preta/Verde;R$ 719,15
690;Cadeira Gamer Pcyes Mad Racer V8 Turbo, Verde - V8TBMADVD;R$ 1.306,44
691;Cadeira Gamer Pelegrin, Até 150 Kg, Em Couro Pu, Reclinável, Preta e Verde - PEL-3019;R$ 886,24
692;Cadeira Gamer Pelegrin em Couro Pu, Reclinável, Suporta até 150Kg, Preta e Cinza - Pel-3003;R$ 1.228,44
693;Cadeira Gamer PCYes Mad Racer V6 Turbo, Azul e Preta - GMADV6TAZ;R$ 1.327,85
694;Cadeira Gamer ThunderX3 YC3, Suporta até 150Kg, Preta;R$ 1.852,40
695;Cadeira Gamer Fortrek Vickers, Suporta até 135Kg, Preta/Rosa;R$ 719,15
696;Cadeira Gamer ThunderX3 TC3, Peso Suportado até 125Kg, Apoio de Braços Bi-direcional, Ember Red;R$ 1.105,43
697;Cadeira Gamer Cruiser Fortrek, Suporta até 135Kg, Preta/Verde;R$ 865,67
698;Cadeira Gamer Fortrek Vickers, Peso Suportado até 135Kg, Mecanismo Butterfly, Azul - 70521;R$ 719,15
699;Cadeira Gamer Home Office, Suporta até 120Kg, Branco/Rosa;R$ 888,30
700;Cadeira Gamer Holt Preta e Cinza - Fortrek;R$ 940,99
701;Cadeira Gamer, Thermaltake Comfort Size GTC500;R$ 3.056,29
702;Cadeira Gamer Office Giratória, Com Elevação A Gás, BC3 H01, Camuflado Verde Military - ThunderX3;R$ 1.799,90
703;Cadeira Gamer Office Giratória Com Elevação A Gás Pro F03 Preto Vermelho - Lyam Decor;R$ 874,90
704;Cadeira Gamer Elements Gaming Elemental TERRA, Verde;R$ 986,31
705;Cadeira Gamer Mad Racer Sti Master Preto - Madstimspt;R$ 831,39
706;Cadeira Gamer Pcyes Mad Racer V8 Turbo Pink - V8tbmadpk;R$ 1.347,54
707;Cadeira Gamer Gc200 - Oex Game - Preta;R$ 902,41
708;Cadeira Gamer Office Giratória, Com Elevação A Gás, TGC12 H01, Preto E Vermelho - ThunderX3;R$ 1.754,91
709;Cadeira Gamer Office Giratória, Com Elevação A Gás, EC3 H01, Preto E Ciano - ThunderX3;R$ 1.679,90
710;Cadeira Gamer Elg Black Hawk Ch05bkrd;R$ 1.952,00
711;Cadeira Gamer Office Giratória, Com Elevação A Gás, EC3 H01, Preto E Vermelho - ThunderX3;R$ 1.679,90
712;Cadeira Gamer Top Tag, Giratória, Vermelho  - HS2706RD;R$ 1.099,99
713;Cadeira Gamer Pelegrin, Em Couro Pu, Reclinável, Preta e Verde - Pel-3013;R$ 938,44
714;Cadeira Gamer Pelegrin, Em Couro PU, Reclinável, Preta E Azul - PEL-3012;R$ 1.170,44
715;Kit - 02 Cadeiras Gamer Office Giratória, Com Elevação A Gás, EC3, Preto - ThunderX3;R$ 3.409,90
716;Cadeira Gamer Office Giratória, Com Elevação A Gás, BC3, Preto E Vermelho - ThunderX3;R$ 1.769,90
717;Kit - 02 Cadeiras Gamer Office Giratória, Com Elevação A Gás, EC3, Preto E Ciano - ThunderX3;R$ 3.619,90
718;Cadeira Gamer Reclinável, Preta E Cinza, Kross - KE-GC101;R$ 799,00
719;Cadeira Gamer Reclinável, Preta E Vermelha, Kross - KE-GC100;R$ 799,00
720;Cadeira Gamer Giratória, Com Elevação A Gás, Office Holt H01, Preto E Cinza - Fortrek;R$ 954,90
721;Kit - 02 Cadeiras Gamer Office Giratória, Com Elevação A Gás, BC3, Camuflado - ThunderX3;R$ 3.629,90
722;Kit - 02 Cadeiras Gamer Office Giratória, Com Elevação A Gás, BC3, Camuflado Azul Admiral - ThunderX3;R$ 3.629,90
723;Cadeira Gamer Giratória, Elevação A Gás, 02 Almofadas De Apoio, Cruiser H01, Preto E Vermelho - Fortrek;R$ 1.454,90
724;Cadeira Gamer Thunderx3 Ec3, Black/red;R$ 1.427,67
725;Cadeira Office Pro Gamer G-force Preto E Azul - D´rossi;R$ 2.629,90
726;Cadeira Gamer Sakes, Vermelha - Sk20028;R$ 609,90
727;Cadeira Gamer Dust, Com Apoio para as Pernas, Retrátil - Vermelha;R$ 858,42
728;Cadeira Gamer New Star, Vermelho E Preto - WG-06;R$ 936,19
729;Cadeira Gamer Giratoria Branco Top Tag - HS927WT;R$ 926,19
730;Cadeira Gamer Moobx Thunder Preto E Vermelho;R$ 999,90
731;Cadeira Gamer Giratoria Verde, Top Tag - HS9201GR;R$ 877,27
732;Cadeira Gamer Giratoria Azul Top Tag - HS9201BL;R$ 877,27
733;Cadeira Gamer Home Office, Cinza E Rosa;R$ 888,30
734;Cadeira Gamer Giratoria Hs203i  Toptag;R$ 865,32
735;Cadeira Gamer Gc302, Estofado Em Couro, Sintético, 120kg, Preto e Laranja;R$ 1.299,51
736;Cadeira Gamer Gc301, Estofado Em Couro Sintético, 120kg, Preto e Laranja;R$ 1.424,91
737;Cadeira Gamer Giratória Com Elevação A Gás, Office Black Hawk H01, Preto/Azul - Fortrek;R$ 1.339,90
738;Cadeira Gamer New WG-02, Vermelha;R$ 614,88
739;Cadeira Gamer Moobx Thunder Preto;R$ 999,90
740;Cadeira Gamer Dt3 Sports Modena Blue, Encosto Reclinável De 180º , Construção Em Aço - 10501-7;R$ 1.599,90
741;Cadeira Gamer Goldentec, Gt, Pink;R$ 999,90
742;Cadeira Gamer F-New, Azul, Reclinável Giratória;R$ 919,77
743;Cadeira Gamer, Gt Shock;R$ 1.199,90
744;Cadeira Gamer 3316-or Design - Vermelho;R$ 578,34
745;Cadeira Gamer Cooler Master Caliber R1s Preto Camo - Cmi-gcr1s-bkc;R$ 1.539,90
746;Cadeira Gamer Top Tag Hs158bli - Azul E Preta;R$ 1.137,78
747;Cadeira Gamer Hoopson, Preto - CG-507;R$ 1.499,87
748;Cadeira Gamer Cooler Master Caliber R2, Até 150 Kg, Vermelha - CMI-GCR2-2019R;R$ 1.477,30
749;Cadeira Gamer Reclinável Greatek, Preto e Azul;R$ 901,55
750;Cadeira Gamer Cooler Master Caliber R1s, Roxa - Cmi-gcr1s-prc;R$ 1.709,90
751;Cadeira Gamer, Giratória Extreme F01, Preta/azul  - Mpozenato;R$ 1.023,90
752;Cadeira Gamer Reclinável Pro F01, Preta e Vermelha - Mpozenato;R$ 1.067,90
753;Cadeira Gamer Dt3sports Rgb Estelar V3;R$ 2.299,00
754;Cadeira Gamer B.Hoff Mobile Reclinável E Relax, Com Iluminação LED RGB, Preta, Peso suportado: até 120 kg.;R$ 1.130,03
755;Cadeira Gamer Boxbit F16, Vermelha, Base Rodízio;R$ 1.038,87
756;Cadeira Gamer Boxbit Raptor, Branca, Base Rodízio;R$ 578,34
757;Cadeira Gamer Boxbit F16 Army, Base Rodízio;R$ 1.038,87
758;Cadeira Gamer, Oexgame, Gc200, 100kg;R$ 902,41
759;Cadeira Gamer Stars, Com Encosto Reclinável, Mecanismo Backsystem, Preta E Azul, Capacidade Até 120Kg;R$ 633,18
760;Cadeira Gamer Boxbit Raptor, Preta E Cinza, Base Rodízio;R$ 578,34
761;Cadeira Gamer Dt3 Sports Rhino, Tecido De Algodao E Malha, Cool Black - 13292-7;R$ 3.046,05
762;Cadeira Gamer Copa Do Mundo Qatar 2022 Edição Especial Preto Com Roxo - Mt-2000 Bp1;R$ 1.161,00
763;Cadeira Gamer Corsair T3 Rush, Até 120Kg, Apoio de Braços 4D, com Almofadas, Reclinável, Cinza e Branco - CF-9010030-WW;R$ ----
764;Cadeira Gamer DT3 Nero Elite Syrah, Até 150 Kg, Com Almofada, Reclinável, Descanso de Braço 4D, Preto e Vinho - 13543-6;R$ ----
765;Cadeira Gamer Vinik Rocket, 120kg, Ajuste de altura e inclinação Preto - CGR10PT;R$ ----
766;Cadeira Gamer Corsair TC200, Até 120Kg, Apoio de Braços 4D, Com almofadas, Reclinável, Cilindro de Gás Classe 4, Preto - CF-9010043-WW;R$ ----
767;Cadeira Gamer XT Racer Speed Series, Até 120kg, Com Almofadas, Reclinável, Descanso de Braço 2D, Preto - XTS150;R$ ----
768;Cadeira Gamer Mymax MX5, Até 150kg, Com Almofadas, Reclinável, Descanso de Braço 2D, Preto e Verde - MGCH-MX5/GR;R$ ----
769;Cadeira Gamer XT Racer Defender, Até 120kg, Com Almofadas, Reclinável, Descanso de Braço 3D, Preto e Cinza - XTR-032;R$ ----
770;Cadeira Gamer DT3 Royce Ashen, Com Almofadas, Reclinável, Apoio de braço 4D, Cinza e Preto - 13340-1;R$ ----
771;Cadeira Gamer XT Racer Viking Series, Até 120kg, Com Almofadas e Apoio de Pés, Reclinável, Descanso de Braço 3D, Rosa e Branco - XTR-023;R$ ----
772;Cadeira Gamer DT3 Elise, Até 130 Kg, com Almofadas, Reclinável, Preto e Vermelho - 13442-4;R$ ----
773;Cadeira Gamer ThunderX3 BC3 Black - 67991;R$ ----
774;Cadeira Gamer Mymax MX5, Até 150kg, Com Almofadas, Reclinável, Descanso de Braço 2D, Branco e Azul Marinho - MGCH-MX5/BLMR;R$ ----
775;Cadeira Gamer DT3 Sports Rhino Fabric, com Almofada, Reclinável, Apoio de Braço 4D, Cool Black - 13292-7;R$ ----
776;Cadeira Gamer DT3sports Rhino, Até 200kg, Com Almofadas, Reclinável, Descanso de Braço 4D,  Preto - 11229-5;R$ ----
777;Cadeira Gamer Alpha Gamer Kappa, Até 150 kg, Apoio de Braço Acolchoado, Cilindro de Gás Classe 4, Preto e Verde - AGKAPPA-BK-GRN;R$ ----
778;Cadeira Gamer ThunderX3 EC3, Até 120kg, com Almofadas, Preto e Ciano - 68000;R$ ----
779;Cadeira Gamer Husky Gaming Tempest 500, Preto e Vermelho, Com Almofadas, Descanso Para Pernas Retrátil, Reclinável - HGMA079;R$ ----
780;Cadeira Gamer Elements Lunari, Até 120kg, Com Almofada, Descanso de Braço 4D, Cilindro de Gás Classe 4, Knit Special, Cinza - 70044;R$ ----
781;Cadeira Gamer DT3sports Modena, Black Blue - 10501-7;R$ ----
782;Cadeira Gamer DT3sports Royce Navy Blue - 11914-6;R$ ----
783;Cadeira Gamer Noblechairs HERO Elden Ring Edição Limitada, até 150Kg, Preto - PGW-NB-HGC-017;R$ ----
784;Cadeira Gamer DT3 Romeo, Até 140 kg, Com Almofadas, Apoio de Braço 3D+, Reclinável, Preto e Azul - 13792-2;R$ ----
785;Cadeira Gamer DT3sports Romeo, Até 110kg, Com Almofadas, Reclinável, Descanso de Braço 3D, Preto e Azul - 11203-7;R$ ----
786;Cadeira Gamer DT3sports Modena, Black Red - 10504-0;R$ ----
787;Cadeira Gamer Alpha Gamer Nebula Fabric, Tecido, Até 150 kg, Apoio de Braço 4D, Reclinável, Cinza e Rosa - AGNEBULA-GRY-PK;R$ ----
788;Cadeira Gamer DT3 Rhino Artemis, Até 150 Kg, Com Almofadas, Reclinável, Descanso de Braço 4D, Branco e Roxo - 13539-1;R$ ----
789;Cadeira Gamer DT3 Elise Fabric, Até 130 Kg, Com Almofadas, Reclinável, Descanso de Braço 2D, Preto e Vermelho - 13446-8;R$ ----
790;Cadeira Gamer Alpha Gamer Kappa,  Até 150 kg, Apoio de Braço Acolchoado, Cilindro de Gás Classe 4, Preto e Azul - AGKAPPA-BK-BL;R$ ----
791;Cadeira Gamer Asus Rog Chariot Core SL300, Preto, Almofada Lombar, Braços 4D, Cilindro de Gás - 90GC00D0-MSG010;R$ ----
792;Cadeira Gamer Raven X-30, Até 200Kg, com Almofadas, Descanso de Braço 4D, Reclinável, Trava de Inclinação, Preto e Amarelo - CDRV30PM;R$ ----
793;Cadeira DT3sports Elise Fabric Black - 12191-4;R$ ----
794;Cadeira Gamer Conthey Cinesis Xtreme, Até 150 Kg - N2159702;R$ ----
795;Cadeira Gamer Alpha Gamer Alegra, Até 150 kg, Apoio de Braço 4D, Mecanismo Frog, Apoio Lombar Ajustável, Cinza - AGALEGRA-PUL-GRY;R$ ----
796;Cadeira Gamer Fortrek Cruiser Black/Red - 70515;R$ ----
797;Cadeira Gamer DT3 Romeo, Até 140 kg, Com Almofadas, Apoio de Braço 3D+, Reclinável, Cinza - 13794-4;R$ ----
798;Cadeira Gamer Alpha Gamer Polaris Racing Edition,  Até 150Kg, Cilindro de Gás 4, Descanso de Braço 4D, Preto - 5600413202906;R$ ----
799;Cadeira Gamer Corsair T2 Road Warrior, Até 136Kg, Apoio de Braço 4D, com Almofadas, Reclinável, Preto e Amarelo - CF-9010010-WW;R$ ----
800;Cadeira Gamer Alpha Gamer Alegra Fabric Cinza - AGALEGRA-F-GRY;R$ ----
801;Cadeira Gamer Alpha Gamer Polaris Office Edition, Até 150Kg, Cilindro de Gás 4, Descanso de Braço 4D, Preto e Castanho - AGPOLARISOE-BWN;R$ ----
802;Cadeira Gamer Alpha Gamer Alegra Fabric, Até 150 kg, Apoio de Braço 4D, Mecanismo Frog, Apoio Lombar Ajustável, Rosa - AGALEGRA-F-PK;R$ ----
803;Cadeira Gamer Elements Magna, Até 130kg, Descanso de Braço 3D, Cilindro de Gás Classe 4, Linho, Cinza Escuro - 70003;R$ ----
804;Cadeira Gamer Alpha Gamer Nebula XL Fabric, Até 150 kg, Apoio de Braço 4D, Reclinável, Cinza - AGNEBULAXL;R$ ----
805;Cadeira Gamer DT3sports Rhino Blue - 11230-7;R$ ----
806;Cadeira Gamer Corsair TC200 Fabric, Até 120Kg, Apoio de Braços 4D, Almofadas, Reclinável, Cilindro de Gás Classe 4, Preto - CF-9010049-WW;R$ ----
807;Cadeira Gamer Husky Gaming Storm, Cinza, Preto e Branco, Com Almofadas, Reclinável, Descanso de Braço 3D - HST-GBW;R$ ----
808;Cadeira Gamer Husky Gaming Snow Limited Edition, Preto, Cilindro de Gás Classe 4, Base em Metal, Roda em Nylon - HGMA054;R$ ----
809;Cadeira Gamer Elements Magna, Até 130kg, Descanso de Braço 3D, Cilindro de Gás Classe 4, Linho, Marrom - 70002;R$ ----
810;Cadeira Gamer DT3 Módena, Até 140 kg, Com Almofadas, Apoio de Braço 3D+, Reclinável, Cinza - 13788-7;R$ ----
811;Cadeira Gamer DT3sports Elise, Orange - 10636-6;R$ ----
812;Cadeira Gamer Corsair TC60 Fabric, Até 120Kg,  Apoio de Braços 3D, Reclinável, Cilindro de Gás Classe 4, Preto e Cinza - CF-9010035-WW;R$ ----
813;Cadeira Gamer Drakon, Até 140kg, Com Almofadas, Reclinável, Preto e Cinza - CH31BKGY;R$ ----
814;Cadeira Gamer DT3sports Royce Space Grey - 11913-5;R$ ----
815;Braços para Cadeiras Husky Gaming, Snow 2 lados - HAC-BS;R$ ----
816;Cadeira Gamer Noblechairs EPIC Leather, Black - NBL-RL-BLA-001;R$ ----
817;Cadeira Gamer Racer X Comfort, Vermelha, Peso máximo suportado: 100 Kg;R$ ----
818;Cadeira Gamer Motospeed Hyrax, Até 150kg, Design ergonômico, Pistão Classe 4, Rosa - HCD300P;R$ ----
819;Cadeira Gamer Cooler Master Caliber R3,Preto,roxo;R$ ----
820;Cadeira Gamer Husky Gaming Blizzard 900 S.E., Azul e Branco, Com Almofadas, Reclinável com Sistema Frog, Descanso de Braço 3D - HGMA094;R$ ----
821;Cadeira Gamer Husky Gaming Tactical, Digital Marpat, Com Almofadas, Reclinável, Descanso de Braço 2D - HTT-DM;R$ ----
822;Descanso de Braço para Cadeira Husky Gaming Storm, Tactical - PREP074;R$ ----
823;Cadeira Gamer Alpha Gamer Nimbus,  Até 125 kg, Apoio de Braço 4D, Reclinável, Preto e Cinza- AGNIMBUSBK;R$ ----
824;Cadeira Gamer DT3 Sports Nero, Até 125 Kg, Com Almofada, Reclinável, Apoio de Braço 3D, Preto - 13367-0;R$ ----
825;Cadeira Gamer DT3 Royce Graphite, Até 180 Kg, Com Almofadas, Reclinável, Descanso de Braço 4D, Cinza e Preto - 13337-7;R$ ----
826;Cadeira Gamer PCTop Strike 1005, até 120Kg, com Almofadas, Reclinável, Preto e Preto - 1005;R$ ----
827;Cadeira Gamer Alpha Gamer Nebula Fabric, Até 150 kg, Apoio de Braço 4D, Reclinável, Cinza e Laranja - AGNEBULA-GRY-O;R$ ----
828;Cadeira Gamer Sharkoon Elbrus 1, Black Green;R$ ----
829;Cadeira Gamer Corsair T2 Road Warrior, Até 136Kg, Apoio de Braços 4D, Almofadas, Reclinável, Cilindro de Gás Classe 4, Preto e Vermelho - CF-9010008-WW;R$ ----
830;Cadeira Gamer DT3 Módena, Até 140 kg, Com Almofadas, Apoio de Braço 3D+, Reclinável, Preto e Azul - 13785-4;R$ ----
831;Cadeira Gamer DT3 Romeo, Até 140 kg, Com Almofadas, Apoio de Braço 3D+, Reclinável, Preto e Vermelho - 13795-5;R$ ----
832;Cadeira Gamer Alpha Gamer Vega, Preto, Reclinável, com Almofadas, Cilindro de Gás Classe 4;R$ ----
833;Cadeira Gamer Raven X-30, Até 200Kg, com Almofadas, Descanso de Braço 4D, Encosto Reclinável, Trava de Inclinação, Branco - CDRVX30BR;R$ ----
834;Cadeira Gamer Husky Gaming Tactical, Digital Marpat, Preto, Com Almofadas, Reclinável, Descanso de Braço 2D - HTT-DW;R$ ----
835;Cadeira Gamer Alpha Gamer Alegra,  Até 150 kg, Apoio de Braço 4D, Mecanismo Frog, Apoio Lombar Ajustável, Preto - AGALEGRA-PUL-BK;R$ ----
836;Cadeira Gamer DT3sports Rhino White - 11234-1;R$ ----
837;Cadeira Gamer Corsair T2 Road Warrior, Até 136Kg, Apoio de Braços 4D, com Almofadas, Reclinável, Preto - CF-9010006-WW;R$ ----
838;Cadeira Gamer Husky Gaming Storm, Azul, Preto e Branco, Com Almofadas, Reclinável, Descanso de Braço 2D - HST-BBW;R$ ----
839;Cadeira Gamer Vinik Rocket, 120kg, Ajuste de altura e inclinação Branco e Rosa - CGR10BRS;R$ ----
840;Cadeira Gamer DT3sports Rhino Red - 11233-0;R$ ----
841;Cadeira Gamer XT Racer Speed Series, Até 120kg, Com Almofadas e Apoio de Pés, Reclinável, Descanso de Braço 2D, Preto e Cinza - XTS170;R$ ----
842;Cadeira Gamer XT Racer Speed Series, Até 120kg, Com Almofadas e Apoio de Pés, Reclinável, Descanso de Braço 2D, Preto e Vermelho - XTS180;R$ ----
843;Cadeira Gamer Raven X-10, Até 150kg, com Almofadas, Descanso  de Braço 2D, Preto - CDRVX10TP;R$ ----
844;Cadeira Gamer DT3 Mizano Fabric, Até 110 kg, Com Almofadas, Apoio de Braço 3D+, Reclinável, Preto e Azul - 13797-7;R$ ----
845;Cadeira Gamer XT Racer Viking Series, Até 120Kg, Com Almofadas, Reclinável, Descanso de Braço 3D, Preto e Branco - XTR-021;R$ ----
846;Cadeira Gamer ELG Drakon, Peso Máx. Suportado 140Kg, Ajuste de altura com sistema Butterfly, Preto - Ch31bk;R$ ----
847;Cadeira Gamer DT3 Rhino Ashen, Com almofadas, Reclinável, Apoio de braço 4D, Preto - 13341-2;R$ ----
848;Cadeira Gamer Drakon, Suporta até 140kg, Com Almofadas, Reclinável, Preta - CH31BK;R$ ----
849;Rodízios para Cadeiras Husky Gaming Storm, Blizzard e Hailstorm KIT C/ 5 Branco - HAC-RSBHW;R$ ----
850;Cadeira Gamer Pctop Strike, com Almofadas, Encosto Ajustável, Preto/Vermelho - 1005;R$ ----
851;Cadeira Gamer Elements Lunari, Até 120kg, Com Almofada, Descanso de Braço 4D, Cilindro de Gás Classe 4, Knit Special, Preto - 70043;R$ ----
852;Cadeira Gamer DT3 Nero Elite Ashen, Até 150 Kg, Com Almofada, Reclinável, Descanso de Braço 4D, Cinza - 13541-4;R$ ----
853;Cadeira Gamer XT Racer Speed Series, Até 120kg, Com Almofadas, Reclinável, Descanso de Braço 2D, Preto e Cinza - XTS130;R$ ----
854;Cadeira Gamer Alpha Gamer Alegra, Até 150 kg, Apoio de Braço 4D, Mecanismo Frog, Apoio Lombar Ajustável, Branco  - AGALEGRA-PUL-WHT;R$ ----
855;Cadeira Gamer Raven X-30, Preto,  Até 200Kg, com Almofadas, Descanso de Braço 4D, Encosto Reclinável, Trava de Inclinação, Preto - CDRVX30PP;R$ ----
856;Cadeira Gamer Alpha Gamer Alegra Fabric, Até 150 kg, Apoio de Braço 4D, Mecanismo Frog, Apoio Lombar Ajustável, Azul - AGALEGRA-F-BL;R$ ----
857;Cadeira Gamer Elements Magna, Até 130kg, Descanso de Braço 3D, Cilindro de Gás Classe 4, Knit, Cinza Claro - 70005;R$ ----
858;Cadeira Gamer Husky Gaming Polar, Preto e Vermelho, Cilindro de Gás Classe 3, Base em Nylon, Roda em Nylon - HPO-BR;R$ ----
859;Cadeira Gamer Alpha Gamer Vega, Preto e Vermelho, Reclinável, com Almofadas, Cilindro de Gás Classe 4;R$ ----
860;Cadeira Gamer Alpha Gamer Nebula Fabric,  Até 150 kg, Apoio de Braço 4D, Reclinável, Cinza e Azul - AGNEBULA-GRY-BL;R$ ----
861;Cadeira Gamer DT3sports Romeo, Grey - 11207-1;R$ ----
862;Cadeira Gamer ThunderX3 TGC12, Preto e Vermelho, Reclinável, com Almofadas, Cilindro de Gás Classe 4;R$ ----
863;Cadeira Gamer Alpha Gamer Nebula Fabric, Até 150 kg, Apoio de Braço 4D, Reclinável, Cinza - AGNEBULA;R$ ----
864;Rodízio para Cadeira Husky Gaming Snow, Polar, Frost - PREP038;R$ ----
865;Cadeira Gamer Elements Magna, Até 130kg, Descanso de Braço 3D, Cilindro de Gás Classe 4, Linho, Cinza - 70001;R$ ----
866;Cadeira Gamer Elements Magna, Até 130kg, Descanso de Braço 3D, Cilindro de Gás Classe 4, Knit, Preto - 70004;R$ ----
867;Cadeira Gamer XT Racer Speed Series, Até 120kg, Com Almofadas e Apoio de Pés, Reclinável, Descanso de Braço 2D, Preto - XTS190;R$ ----
868;Cadeira Gamer XT Racer Speed Series, Até 120kg, Com Almofadas, Reclinável, Descanso de Braço 2D, Preto e Vermelho - XTS140;R$ ----
869;Braços para Cadeiras Husky, 2 lados Polar - HAC-BP;R$ ----
870;Cadeira Gamer DT3 Módena, Até 140 kg, Com Almofadas, Apoio de Braço 3D+, Reclinável, Preto e Vermelho - 13790-0;R$ ----
871;Cadeira Gamer DT3Sports Royce, com Almofada, Reclinável, Apoio de Braço 4D, Cool Black - 13291-6;R$ ----
872;Cadeira Gamer DT3sports Mizano, Até 140kg, com Braço 3D, Inclinação e Almofadas, Preto - 10226-1;R$ ----
873;Cadeira Gamer Alpha Gamer Phenix Fabric, Tecido, Até 150kg, Apoio de Braço 4D, Reclinável, Preto e Azul - AGPHENIX-F-GRY-BK-BL;R$ ----
874;Cadeira Gamer DT3sports Elise, Até 150kg, com Almofadas, Reclinável, Preto e Cinza - 10633-3;R$ ----
875;Cadeira Gamer DT3 Royce Cream - 12386-0;R$ ----
876;Descanso de Braço para Cadeira Husky Gaming Storm, Blizzard - PREP071;R$ ----
877;Cadeira Gamer XT Racer Platinum W Series, Até 120kg, Com Almofadas, Reclinável, Descanso de Braço 3D, Azul - XTR-067;R$ ----
878;Cadeira Gamer DT3 Mizano Fabric, Até 110 kg, Com Almofadas, Apoio de Braço 3D+, Reclinável, Preto e Vermelho - 13801-3;R$ ----
879;Cadeira Gamer Noblechairs Epic Compact, Até 120Kg, com Almofadas, Braços 3D, Ajuste de Profundidade, Preto e Vermelho - NBL-ECC-PU-RED;R$ ----
880;Cadeira Gamer DT3sports Elise, Até 130Kg, Reclinável, Preto - 11833-6;R$ ----
881;Cadeira Gamer Corsair TC70 Remix,  Até 120Kg, Apoio de Braços 3D, Reclinável, Cilindro de Gás Classe 4, Preto - CF-9010038-WW;R$ ----
882;Cadeira Gamer DT3sports Elise, Até 150kg, com Almofadas, Reclinável, Preto e Vermelho - 10637-7;R$ ----
883;Cadeira Gamer Alpha Gamer Zeta Preto, Reclinável, com Almofadas, Cilindro de Gás Classe 4 - AGZETA-BK;R$ ----
884;Cadeira Gamer DT3sports Mizano Fabric, Red - 11361-2;R$ ----
885;Cadeira Gamer Alpha Gamer Kappa, Até 150 kg, Apoio de Braço Acolchoado, Cilindro de Gás Classe 4, Preto - AGKAPPA-BK;R$ ----
886;Cadeira Gamer DT3sports Modena, Black Grey - 10326-2;R$ ----
887;Cadeira Gamer Dazz Elite, 100 Kg, Mecanismo de Ajuste Butterfly, Black - 624761;R$ ----
888;Cadeira Gamer Dazz Dark Shadow, Black - 625165;R$ ----
889;Cadeira Gamer Sharkoon Elbrus 1, Black Pink;R$ ----
890;Cadeira Gamer Multi Tongea Black - GA182;R$ ----
891;Cadeira Gamer Multi Tongea Green - GA160;R$ ----
892;Cadeira Gamer ThunderX3 EC1 Black - 67995;R$ ----
893;Cadeira Gamer ThunderX3 EC1 Black/Red - 67996;R$ ----
894;Cadeira Gamer Elements Gaming Elemental Ignis Black/Red - 63593;R$ ----
895;Cadeira Gamer Vertagear S-Line SL5000 Racing Series, Black/Blue Rev.2 - VG-SL5000-BL;R$ ----
896;Cadeira Gamer Pctop Super 1015, Vermelha;R$ ----
897;Cadeira Gamer Max Racer Storm Target, Até 110Kg, Preta - TGT-06;R$ ----
898;Cadeira Gamer AKRacing Premium V2, Black Silver - 10047-2;R$ ----
899;Cadeira Gamer Husky Gaming Hailstorm, Preto e Verde, Com Almofadas, Reclinável, Descanso de Braço 2D - HHA-BG;R$ ----
900;Cadeira Gamer Husky Gaming Racing, Vermelho, Com Almofadas, Reclinável, Descanso de Braço 3D - HRC-R;R$ ----
901;Braços para Cadeiras Husky, 2 lados Frost - HAC-BF;R$ ----
902;Cadeira Gamer Husky Gaming Blizzard 900 S.E., Rosa e Preto, Com Almofadas, Reclinável com Sistema Frog, Descanso de Braço 3D - HGMA093;R$ ----
903;Cadeira DT3office Zodiac V2, Reclinável, Assento Deslizável, Rosé - 12997-8;R$ ----
